,prompt,answer,candidate,predictions,top_prediction,predicts_answer_before_candidate
0,"You don't like the cold weather. Between Aden and Milan, you should visit ->",Aden,Milan,"{'Yemen': 0.0010868203020614746, 'Dh': 0.02768806569398605, 'Jos': 0.0002395788422710412, 'Mog': 0.004030378446953267, 'Aden': 0.9641201935865884}",Aden,True
1,"You don't like the cold weather. Between Djibouti and Lhasa, you should visit ->",Djibouti,Lhasa,"{'DJ': 0.0002198207755974443, 'Dj': 0.9987779746817994, 'Dh': 0.0006001944931650588, 'J': 8.170404883355386e-05, 'dj': 0.0001580855841109683}",Dj,True
2,"You don't like the cold weather. Between Juba and Calgary, you should visit ->",Juba,Calgary,"{'Jos': 0.00033643193592256026, 'Mog': 0.00017537728331698047, '': 0.00033059913137521306, 'J': 0.9985934367386747, 'Jay': 0.00014647218661335197}",J,True
3,"You don't like the cold weather. Between San Antonio and Zagreb, you should visit ->",San Antonio,Zagreb,"{'Z': 1.6966639911542303e-05, 'San': 0.9999121914054003, 'S': 2.3358701220205642e-05, 'B': 1.657342581262353e-05, 'Texas': 6.708420698725933e-06}",San,True
4,"You don't like the cold weather. Between Aden and Perth, you should visit ->",Aden,Perth,"{'Yemen': 0.0006421231822602528, 'Dh': 0.0033264320695130423, 'Adelaide': 8.927339882114684e-05, 'Mog': 0.0008137844747945144, 'Aden': 0.9943807321807884}",Aden,True
5,"You don't like the cold weather. Between La Ceiba and Saskatoon, you should visit ->",La Ceiba,Saskatoon,"{'Col': 0.0007424698456732374, 'Gu': 0.0010494171124027418, 'Ce': 0.37721362781182605, 'C': 0.00029750634662882645, 'La': 0.6179035881033219}",La,True
6,"You don't like the cold weather. Between Manila and Irkutsk, you should visit ->",Manila,Irkutsk,"{'Philippines': 0.0007202079991254117, 'Mak': 9.442468739387868e-05, 'Man': 0.0005903874746067636, 'Philippine': 8.757990336349497e-05, 'Manila': 0.998072309386768}",Manila,True
7,"You don't like the cold weather. Between Sapporo and Yakutsk, you should visit ->",Sapporo,Yakutsk,"{'Sak': 0.00023573553398710165, 'city': 0.0006666446584234812, 'Kum': 0.0005327605948969004, 'Sapp': 0.005991582568481993, 'Yak': 0.9917806163779194}",Yak,False
8,"You don't like the cold weather. Between La Ceiba and Amsterdam, you should visit ->",La Ceiba,Amsterdam,"{'a': 0.0002507206968412459, 'Col': 0.0005041725436343109, 'Man': 0.0002377777842654484, 'Ce': 0.07642268521391658, 'La': 0.9205239777807276}",La,True
9,"You don't like the cold weather. Between Tampa and Ürümqi, you should visit ->",Tampa,Ürümqi,"{'Tampa': 0.06901114953327181, 'warmer': 0.007643640378165523, 'ytes: \\xc4': 0.007669644608068648, 'Ü': 0.8892270737886057, 'warm': 0.009127914803500916}",Ü,False
10,"You don't like the cold weather. Between Denpasar and Hobart, you should visit ->",Denpasar,Hobart,"{'Hob': 0.0004668013805872559, 'Med': 0.000631457259110159, 'B': 0.23812993712089722, 'DEN': 0.00029225101048888227, 'Den': 0.7585007889872181}",Den,True
11,"You don't like the cold weather. Between Campos do Jordão and Saskatoon, you should visit ->",Campos do Jordão,Saskatoon,"{'amp': 0.003888557549562, 'Sask': 0.0011316169951039337, 'Salvador': 0.0002454260200830778, 'C': 0.0004908051264953592, 'Camp': 0.9927392770383243}",Camp,True
12,"You don't like the cold weather. Between Paramaribo and Addis Ababa, you should visit ->",Paramaribo,Addis Ababa,"{'Sant': 0.0005911466692664261, 'Mar': 0.0003681565141587874, 'Gu': 0.012255194390376969, 'aram': 0.003924844289498692, 'Param': 0.9799376448950079}",Param,True
13,"You don't like the cold weather. Between Toamasina and Yerevan, you should visit ->",Toamasina,Yerevan,"{'Tam': 0.34257632479142913, 'To': 0.6536689816011321, 'o': 0.0002772297425632923, 'T': 0.0025941164552839733, 'Hon': 0.00028149609010039834}",To,True
14,"You don't like the cold weather. Between Kano and Moscow, you should visit ->",Kano,Moscow,"{'Nigeria': 1.4090089120204378e-06, 'Jos': 1.740030354108593e-06, 'Kad': 8.99729290675775e-08, 'Nigerian': 8.65214912595932e-08, 'K': 0.9999962315756006}",K,True
15,"You don't like the cold weather. Between Kingston and Novosibirsk, you should visit ->",Kingston,Novosibirsk,"{'Kum': 0.0008396268424560164, 'Jama': 0.0002911336843183375, 'Jamaica': 0.0003326126361149605, 'Kingston': 0.9953111644722242, 'K': 0.0021125356988749787}",Kingston,True
16,"You don't like the cold weather. Between Makurdi and Berlin, you should visit ->",Makurdi,Berlin,"{'Mak': 0.9999483100659706, 'Gu': 2.3788176010774334e-06, 'M': 3.032806610753733e-05, 'K': 4.82683782173163e-06, 'warm': 4.807684416753853e-06}",Mak,True
17,"You don't like the cold weather. Between Palermo and Ürümqi, you should visit ->",Palermo,Ürümqi,"{'al': 0.008660466409050938, 'Col': 0.0010471127125736247, 'city': 0.00026939118914445483, 'Med': 0.0005719208215669171, 'Pal': 0.9876001200043821}",Pal,True
18,"You don't like the cold weather. Between Changsha and Nur-Sultan, you should visit ->",Changsha,Nur-Sultan,"{'city': 7.989630113046436e-05, 'Chang': 0.9986933347314471, 'S': 8.015269940998955e-05, 'Chong': 0.0008317833896650629, 'Ch': 0.00013119523509332997}",Chang,True
19,"You don't like the cold weather. Between Abéché and Mexico City, you should visit ->",Abéché,Mexico City,"{'Tam': 0.002657706622672885, 'Ab': 0.8904405755806098, 'Libre': 0.009023982712075898, 'Ver': 0.00864423546868444, 'Acc': 0.0711914821817152}",Ab,True
20,"You don't like the cold weather. Between Vientiane and Milwaukee, you should visit ->",Vientiane,Milwaukee,"{'Singapore': 6.472137759371364e-05, 'Laos': 0.00404287785603702, 'La': 0.00010986150839362621, '': 8.344757229593281e-05, 'V': 0.995112562282415}",V,True
21,"You don't like the cold weather. Between Rosario and Irkutsk, you should visit ->",Rosario,Irkutsk,"{'Ros': 0.998679506020453, 'Rio': 0.00026703949210395514, 'city': 6.446101084237807e-05, 'os': 0.0007043320155383991, 'ROS': 5.535868503043059e-05}",Ros,True
22,"You don't like the cold weather. Between Cayenne and Tauranga, you should visit ->",Cayenne,Tauranga,"{'Gu': 0.002271001398615574, 'Cay': 0.9969227082982842, 'T': 0.00016046334845625328, 'Georgetown': 8.770084706209495e-05, 'C': 0.0002248673241788482}",Cay,True
23,"You don't like the cold weather. Between Ho Chi Minh City and Damascus, you should visit ->",Ho Chi Minh City,Damascus,"{'Vietnam': 0.013746321746527745, 'Singapore': 0.0023564736346840436, 'city': 0.003551786367307717, 'o': 0.0018431761997649134, 'Ho': 0.9732537494446447}",Ho,True
24,"You don't like the cold weather. Between Bata and Baltimore, you should visit ->",Bata,Baltimore,"{'Rio': 6.566392867869873e-07, 'Gu': 3.15687195904104e-07, 'Salvador': 1.8059660402294208e-07, '': 1.0950780628028158e-07, 'B': 0.9999982599891138}",B,False
25,"You don't like the cold weather. Between Lagos and Shanghai, you should visit ->",Lagos,Shanghai,"{'Nigeria': 5.724398423017572e-05, 'lag': 2.3178116007387298e-05, 'Lag': 0.9998488888284434, 'Jos': 9.561116968660181e-06, 'Mog': 1.882429942707556e-05}",Lag,True
26,"You don't like the cold weather. Between Dar es Salaam and Toluca, you should visit ->",Dar es Salaam,Toluca,"{'Tam': 0.003965659925657141, 'Dh': 0.0014065724788607336, 'ar': 0.00806224681616114, 'Tanzania': 0.012582365610983056, 'Dar': 0.9682697966422558}",Dar,True
27,"You don't like the cold weather. Between Antsiranana and Indianapolis, you should visit ->",Antsiranana,Indianapolis,"{'nt': 1.8024629910665605e-06, 'Antar': 1.1091971495934188e-05, 'Ant': 0.9999605889366364, 'Anth': 1.2161978367060674e-05, 'Hon': 4.1176044824541944e-06}",Ant,True
28,"You don't like the cold weather. Between Mumbai and Suwałki, you should visit ->",Mumbai,Suwałki,"{'mbai': 0.00021330403833769819, 'Mumbai': 0.9939041883115521, 'M': 0.00027787449584626347, 'India': 0.00022727359543492023, 'Bombay': 0.004773413077868157}",Mumbai,True
29,"You don't like the cold weather. Between Conakry and Halifax, you should visit ->",Conakry,Halifax,"{'Con': 0.9105068286066855, 'Gu': 0.08368833315762655, 'Guinea': 0.003072799326849702, 'on': 0.0005429210741870189, 'CON': 0.0004832209768165734}",Con,True
30,"You don't like the cold weather. Between Makassar and Milwaukee, you should visit ->",Makassar,Milwaukee,"{'Mak': 0.9997453588065736, 'warmer': 1.0430566249135514e-05, 'Mog': 4.8186343496278885e-06, 'M': 0.00019730811806282185, 'warm': 2.3804688521177837e-05}",Mak,True
31,"You don't like the cold weather. Between Makassar and Tauranga, you should visit ->",Makassar,Tauranga,"{'Mak': 0.9997494108727016, 'Ass': 1.9612373164395074e-06, 'warmer': 4.579242346733735e-06, 'M': 0.000223044333796761, 'warm': 9.418035846322156e-06}",Mak,True
32,"You don't like the cold weather. Between Cabo San Lucas and Ottawa, you should visit ->",Cabo San Lucas,Ottawa,"{'Cab': 0.9875513021618418, 'cab': 0.00046328997686387953, 'Gu': 0.00014247913357931332, 'San': 0.01152748263825412, 'C': 0.00012991593117080884}",Cab,True
33,"You don't like the cold weather. Between Paramaribo and Yinchuan, you should visit ->",Paramaribo,Yinchuan,"{'Mar': 0.00013222216261578594, 'Gu': 0.0036835769559016916, 'aram': 0.0017072028636883369, 'Param': 0.9934930368712801, 'param': 0.0002267095217021509}",Param,True
34,"You don't like the cold weather. Between Makurdi and Novosibirsk, you should visit ->",Makurdi,Novosibirsk,"{'Mak': 0.9998795259925761, 'Jos': 8.784049833504674e-06, 'M': 7.343205507750753e-05, 'K': 5.812585950368251e-06, 'warm': 1.2389428367371735e-05}",Mak,True
35,"You don't like the cold weather. Between Kuwait City and Ankara, you should visit ->",Kuwait City,Ankara,"{'Gulf': 0.00014307436899329922, 'Kuwait': 0.9953955063342611, 'u': 0.0020772723833600935, 'K': 0.00107120724517923, 'Kh': 0.0008315027101383857}",Kuwait,True
36,"You don't like the cold weather. Between San Antonio and Novosibirsk, you should visit ->",San Antonio,Novosibirsk,"{'Rio': 3.866990507838003e-06, 'San': 0.9999369877613545, 'S': 3.158800809691957e-05, 'B': 9.606592273514134e-06, 'Nov': 9.784510342634387e-06}",San,True
37,"You don't like the cold weather. Between Sacramento and Oslo, you should visit ->",Sacramento,Oslo,"{'Sacrament': 0.00901489021894505, 'Sacramento': 0.9725125098240333, 'Salvador': 0.008419229190412995, 'Mog': 0.0016298129913149535, 'sacrament': 0.0013131308911712672}",Sacramento,True
38,"You don't like the cold weather. Between Mandalay and Calgary, you should visit ->",Mandalay,Calgary,"{'Myanmar': 4.835673736810964e-05, 'Mog': 2.493652404799557e-05, 'M': 0.001625323184834429, 'Mandal': 0.9981763800192234, '': 2.4262805939173992e-05}",Mandal,True
39,"You don't like the cold weather. Between Ouahigouya and Lisbon, you should visit ->",Ouahigouya,Lisbon,"{'Gu': 2.7250657546320293e-06, 'Mog': 4.1563930835980664e-07, 'Ou': 0.9999925361213549, 'O': 1.0417479859281764e-06, 'Libre': 8.435336858117036e-07}",Ou,True
40,"You don't like the cold weather. Between Malabo and Quito, you should visit ->",Malabo,Quito,"{'Man': 0.0026867330580608267, 'Gu': 0.008002518294698259, 'Qu': 0.004207540526411533, 'M': 0.027268082498957017, 'Mal': 0.9487848314077083}",Mal,True
41,"You don't like the cold weather. Between Willemstad and Fianarantsoa, you should visit ->",Willemstad,Fianarantsoa,"{'Gu': 0.0013887891869261077, 'il': 0.000987068617174947, 'W': 0.0024688036448288478, 'F': 0.15809012455505617, 'Wil': 0.8357153870289481}",Wil,True
42,"You don't like the cold weather. Between Parakou and Copenhagen, you should visit ->",Parakou,Copenhagen,"{'ar': 0.0003543976394321603, 'Gu': 0.00015203314525525242, 'Par': 0.9989488604346312, 'PAR': 0.00012368506765993837, 'P': 0.00013812299522579196}",Par,True
43,"You don't like the cold weather. Between Ouahigouya and Wellington, you should visit ->",Ouahigouya,Wellington,"{'Tam': 4.816746263068477e-07, 'Gu': 3.6686896619223877e-06, 'Ou': 0.9999906297369012, 'O': 2.3877334243724003e-06, 'Hon': 3.2776563873577023e-07}",Ou,True
44,"You don't like the cold weather. Between Jakarta and Kansas City, you should visit ->",Jakarta,Kansas City,"{'Indones': 0.0003791278783110659, 'Indonesia': 0.0152260972350404, 'Jakarta': 0.9826912624735823, 'Java': 0.00028378631925079345, 'Jay': 0.0004197303821857327}",Jakarta,True
45,"You don't like the cold weather. Between Jakarta and London, you should visit ->",Jakarta,London,"{'Indones': 0.00024293394083423292, 'Indonesia': 0.01721978957258526, 'J': 0.0002605819914093465, 'Jakarta': 0.9808836911152814, 'Java': 0.0004804748847070613}",Jakarta,True
46,"You don't like the cold weather. Between Mumbai and Tashkent, you should visit ->",Mumbai,Tashkent,"{'city': 0.00026557427532600746, 'mbai': 0.0003634862821289707, 'Mumbai': 0.9876233654219693, 'India': 0.0004687851485113009, 'Bombay': 0.010555660739212117}",Mumbai,True
47,"You don't like the cold weather. Between Dar es Salaam and Campos do Jordão, you should visit ->",Dar es Salaam,Campos do Jordão,"{'Tam': 0.0027856138972547594, 'Mog': 0.0009133202245826515, 'ar': 0.005253176698186954, 'Tanzania': 0.0037298606696698562, 'Dar': 0.9850184657809842}",Dar,True
48,"You don't like the cold weather. Between Belgrade and Ulaanbaatar, you should visit ->",Belgrade,Ulaanbaatar,"{'Bl': 0.00014435644563922065, 'Mog': 0.00024630572724053265, 'Bel': 0.9823047261526494, 'U': 0.016243903659689637, 'Kh': 0.00030452145911907303}",Bel,True
49,"You don't like the cold weather. Between Maputo and Amsterdam, you should visit ->",Maputo,Amsterdam,"{'Moz': 0.004510830482312777, 'Mog': 0.008169147669263101, 'M': 0.006314283434537249, 'Libre': 0.001003861716267427, 'Map': 0.976473086727651}",Map,True
50,"You don't like the cold weather. Between Thiès and Nur-Sultan, you should visit ->",Thiès,Nur-Sultan,"{'Sant': 0.00047181702803668953, 'TH': 0.0007350353240311141, 'warmer': 0.0006815249480096993, 'Nur': 0.0009924000060999134, 'Th': 0.9945626452178062}",Th,True
51,"You don't like the cold weather. Between San Antonio and Lviv, you should visit ->",San Antonio,Lviv,"{'Lv': 6.702982375077577e-06, 'San': 0.9999659521976396, 'S': 1.6224144889979435e-05, 'B': 1.3095643936249255e-06, 'warm': 3.0084486823051276e-06}",San,True
52,"You don't like the cold weather. Between Los Angeles and Saint Petersburg, you should visit ->",Los Angeles,Saint Petersburg,"{'os': 0.0004667092897599249, 'California': 0.0004208645121289745, 'L': 0.0035500982493661274, 'Los': 0.9930027296981576, 'LA': 0.001345525010113726}",Los,True
53,"You don't like the cold weather. Between Harare and Saint Petersburg, you should visit ->",Harare,Saint Petersburg,"{'Hamilton': 0.00024805650376209175, 'Mar': 0.00039604449179628487, 'Har': 0.9921109452312782, 'Zimbabwe': 0.005388495828911344, 'Bul': 0.0007118950920746984}",Har,True
54,"You don't like the cold weather. Between Mandalay and Mexico City, you should visit ->",Mandalay,Mexico City,"{'Tam': 6.395006586465997e-05, 'Med': 7.674970616295471e-05, 'Mog': 0.00015555222976622023, 'M': 0.005132702271043492, 'Mandal': 0.9939543784603858}",Mandal,True
55,"You don't like the cold weather. Between Mahajanga and Johannesburg, you should visit ->",Mahajanga,Johannesburg,"{'Gu': 0.0002372096995057242, 'M': 0.0010357608516166005, 'ah': 0.000327983911856851, 'Hon': 0.0003529640314965429, 'Mah': 0.9973197961769363}",Mah,True
56,"You don't like the cold weather. Between Lisbon and Ulaanbaatar, you should visit ->",Lisbon,Ulaanbaatar,"{'Portugal': 0.029424223950452195, 'Lis': 0.006769997915232667, 'hot': 0.01534466227423719, 'Lisbon': 0.8314002262768478, 'warm': 0.04305277888575144}",Lisbon,True
57,"You don't like the cold weather. Between Kampala and Río Gallegos, you should visit ->",Kampala,Río Gallegos,"{'Kum': 0.00016337261245844508, 'Uganda': 0.00020396686577165842, 'Mog': 9.148294467970342e-05, 'Kamp': 0.9929803202626194, 'K': 0.006266777573951291}",Kamp,True
58,"You don't like the cold weather. Between Mexicali and Almaty, you should visit ->",Mexicali,Almaty,"{'Gu': 0.007842079009426293, 'Med': 0.0006599168603798622, 'ex': 0.0007197173445835324, 'Mex': 0.988240396040796, 'Mexico': 0.0005316554121539333}",Mex,True
59,"You don't like the cold weather. Between Baghdad and Ürümqi, you should visit ->",Baghdad,Ürümqi,"{'Iraqi': 0.005493208873217881, 'Baghdad': 0.9670634735734924, 'Bag': 0.0021508791789196366, 'B': 0.0024027467905549734, 'Iraq': 0.016775491449685414}",Baghdad,True
60,"You don't like the cold weather. Between Monterrey and Saskatoon, you should visit ->",Monterrey,Saskatoon,"{'Gu': 5.6894891567069244e-05, 'Monte': 1.9105658695689573e-05, 'Mon': 0.9998369670113223, 'Ver': 1.842398886169845e-05, 'warm': 1.1602000706798516e-05}",Mon,True
61,"You don't like the cold weather. Between Port Sudan and Toronto, you should visit ->",Port Sudan,Toronto,"{'Sant': 0.0009755966747925865, 'ort': 0.000589939245556328, 'Sudan': 0.020899415226418687, 'Port': 0.9621705145224723, 'Kh': 0.01084367086081211}",Port,True
62,"You don't like the cold weather. Between Lagos and Lyon, you should visit ->",Lagos,Lyon,"{'Nigeria': 0.00010969113557610381, 'lag': 1.9805240174520548e-05, 'Lag': 0.9998299358125536, 'Jos': 1.4240251366420082e-05, 'Mog': 6.095297412970258e-06}",Lag,True
63,"You don't like the cold weather. Between Muscat and Boise, you should visit ->",Muscat,Boise,"{'us': 0.0028547545829694185, 'Dh': 0.0009950340502842636, 'Mus': 0.9920952084922734, 'Mog': 0.001033135010398493, 'Oman': 0.0018612808485499613}",Mus,True
64,"You don't like the cold weather. Between Phoenix and Bergen, you should visit ->",Phoenix,Bergen,"{'Mar': 0.0015078890294529753, 'Suns': 0.0014202864533528385, 'hoenix': 0.0037990064764520082, 'Arizona': 0.0049050401523217406, 'Phoenix': 0.9795012200635519}",Phoenix,True
65,"You don't like the cold weather. Between Lomé and Bucharest, you should visit ->",Lomé,Bucharest,"{'Tam': 0.00015597668765354925, 'Gu': 2.8199113970489414e-05, 'Lag': 4.2398821115186806e-05, 'T': 0.0034005333228481188, 'L': 0.99621954498118}",L,True
66,"You don't like the cold weather. Between Mexicali and Oslo, you should visit ->",Mexicali,Oslo,"{'Gu': 0.002759911403360513, 'Med': 0.00033317855849408567, 'ex': 0.0006064944381658747, 'Mex': 0.9940563630137318, 'Mexico': 0.00079539055483275}",Mex,True
67,"You don't like the cold weather. Between Riyadh and Baltimore, you should visit ->",Riyadh,Baltimore,"{'Dh': 0.0194152080483427, 'Riyadh': 0.6206604040556764, 'K': 0.0034063590002204225, 'Kh': 0.007328617421809364, 'Saudi': 0.33466665575605564}",Riyadh,True
68,"You don't like the cold weather. Between Lagos and Napier, you should visit ->",Lagos,Napier,"{'Nigeria': 0.00011501891095883591, 'lag': 1.4578495879165612e-05, 'Lag': 0.9997940513603333, 'Jos': 2.9820275795352816e-05, 'Mog': 1.2994088950808575e-05}",Lag,True
69,"You don't like the cold weather. Between Tampa and Ankara, you should visit ->",Tampa,Ankara,"{'Tampa': 0.7049024672969243, 'warmer': 0.040507748588368274, 'Istanbul': 0.05302312180989131, 'hot': 0.020997892572184165, 'warm': 0.09785001811595577}",Tampa,True
70,"You don't like the cold weather. Between Jakarta and Novosibirsk, you should visit ->",Jakarta,Novosibirsk,"{'Indones': 0.0004624032093474011, 'Indonesia': 0.018079456234424557, 'Indonesian': 0.00026126130053092116, 'Jakarta': 0.9795929507298439, 'Java': 0.0004507591484611298}",Jakarta,True
71,"You don't like the cold weather. Between Darwin and Yakutsk, you should visit ->",Darwin,Yakutsk,"{'Darwin': 0.9748372597429332, 'Adelaide': 0.0024558785997209356, 'Yak': 0.00112902144422035, 'ar': 0.0057707761083179996, 'Australia': 0.001345017842791961}",Darwin,True
72,"You don't like the cold weather. Between Juba and Ushuaia, you should visit ->",Juba,Ushuaia,"{'Jos': 0.0002964199082389066, 'Mog': 0.00017136770302187115, '': 0.00020416195133137578, 'J': 0.998546704258526, 'Jay': 0.00014125172155669458}",J,True
73,"You don't like the cold weather. Between Bata and Ankara, you should visit ->",Bata,Ankara,"{'Rio': 6.354242188030742e-07, 'Gu': 2.3133244619661932e-07, 'Salvador': 2.5624828479477504e-07, 'B': 0.9999964709302271, 'Bat': 5.762017368399627e-07}",B,True
74,"You don't like the cold weather. Between Vientiane and Ürümqi, you should visit ->",Vientiane,Ürümqi,"{'N': 4.498947429992399e-05, 'Laos': 0.0022433028780323968, 'La': 9.555753797673347e-05, '': 0.0001412075166862704, 'V': 0.9966035210287344}",V,True
75,"You don't like the cold weather. Between San Salvador and Sapporo, you should visit ->",San Salvador,Sapporo,"{'an': 3.5107846445964185e-06, 'El': 4.855089154285373e-05, 'Salvador': 0.47972776126970595, 'San': 0.5202045392681429, 'S': 5.737717929177775e-06}",San,True
76,"You don't like the cold weather. Between Toliara and Saskatoon, you should visit ->",Toliara,Saskatoon,"{'Tam': 9.211047307432235e-06, 'T': 0.9999875312817351, 'S': 3.068392015589637e-07, 'Tata': 4.2827513890240536e-07, '': 1.287208033785547e-06}",T,True
77,"You don't like the cold weather. Between Nakhon Ratchasima and Wellington, you should visit ->",Nakhon Ratchasima,Wellington,"{'S': 9.275694319808516e-05, 'R': 4.245749925136755e-05, 'N': 0.9995269663157279, 'K': 5.264817409724473e-05, 'Kh': 0.00016818264440903016}",N,True
78,"You don't like the cold weather. Between Luanda and Albuquerque, you should visit ->",Luanda,Albuquerque,"{'u': 0.0008642343392081193, 'Salvador': 0.0015430952146801274, 'Angola': 0.013915541081439237, 'LU': 0.00042115820964241767, 'Lu': 0.9822454203128459}",Lu,True
79,"You don't like the cold weather. Between Barranquilla and Vienna, you should visit ->",Barranquilla,Vienna,"{'ar': 0.000653499036022859, 'Col': 0.0012634898050314985, 'Gu': 0.010305667421224676, 'Bar': 0.981590483027199, 'B': 0.001987838522804961}",Bar,True
80,"You don't like the cold weather. Between Douala and Albuquerque, you should visit ->",Douala,Albuquerque,"{'Gu': 0.0012308306651687723, 'ou': 0.0005137416732865094, 'Ou': 0.0005751739736846675, 'Libre': 0.00015651182370612945, 'Dou': 0.9968989242991033}",Dou,True
81,"You don't like the cold weather. Between Villahermosa and Neuquén, you should visit ->",Villahermosa,Neuquén,"{'Tam': 0.0001547720761048342, 'Gu': 0.00017238296767567205, 'Villa': 0.9979244935484006, 'M': 0.00017921165866951843, 'warm': 0.0006315310176254369}",Villa,True
82,"You don't like the cold weather. Between Tripoli and Ulaanbaatar, you should visit ->",Tripoli,Ulaanbaatar,"{'Libya': 0.005593002590357645, 'Trip': 6.325009047012245e-05, 'Gaddafi': 7.087392241876371e-05, 'Tripoli': 0.9936281023891121, 'warm': 0.0002594358738900253}",Tripoli,True
83,"You don't like the cold weather. Between Buenos Aires and Oslo, you should visit ->",Buenos Aires,Oslo,"{'Rio': 0.0003082359490275374, 'Argentina': 0.001898872481023305, 'B': 0.00011371207071521031, 'Argentine': 0.0001026108377207106, 'Buenos': 0.997144080419551}",Buenos,True
84,"You don't like the cold weather. Between Douala and Johannesburg, you should visit ->",Douala,Johannesburg,"{'Gu': 0.0025283415626918475, 'ou': 0.0008427771402316825, 'Ou': 0.0008537953755247078, 'Libre': 0.00019329442757959467, 'Dou': 0.99452247007447}",Dou,True
85,"You don't like the cold weather. Between Manaus and Brussels, you should visit ->",Manaus,Brussels,"{'Rio': 9.537912547263777e-07, 'Mana': 2.473270980033304e-06, 'Man': 0.9999617828532937, 'M': 2.8536088744463678e-05, 'Amazon': 2.6035725458289096e-06}",Man,True
86,"You don't like the cold weather. Between Palembang and Omaha, you should visit ->",Palembang,Omaha,"{'al': 0.0013681641148248656, 'Singapore': 0.0003009477187987658, 'Pal': 0.9963737438051182, 'B': 0.00022777391997650076, 'PAL': 0.0007532728840478542}",Pal,True
87,"You don't like the cold weather. Between La Ceiba and Ürümqi, you should visit ->",La Ceiba,Ürümqi,"{'Col': 0.0016516930933272128, 'Gu': 0.0009081324681235342, 'Ce': 0.17866112926133948, 'C': 0.0005057796792500381, 'La': 0.8142968979374292}",La,True
88,"You don't like the cold weather. Between Lake Havasu City and Berlin, you should visit ->",Lake Havasu City,Berlin,"{'Gu': 9.837114881481236e-05, 'City': 0.0002683463663888754, 'Hav': 0.9637285318449182, 'Havana': 0.00015305380985569355, 'Lake': 0.035304176768096246}",Hav,True
89,"You don't like the cold weather. Between La Paz and Minneapolis, you should visit ->",La Paz,Minneapolis,"{'a': 0.0007883917870321916, 'B': 0.00047304549034777373, 'Bolivia': 0.0004081405326897108, 'La': 0.9968018883885005, 'Ch': 0.0003911145789946403}",La,True
90,"You don't like the cold weather. Between Bogotá and Irkutsk, you should visit ->",Bogotá,Irkutsk,"{'Col': 0.0002437284164266872, 'Med': 0.0007389036680340752, 'Colombia': 0.00031447562147848016, 'Bog': 0.9983621689116272, 'bog': 0.0001587701498590812}",Bog,True
91,"You don't like the cold weather. Between Paramaribo and Ulaanbaatar, you should visit ->",Paramaribo,Ulaanbaatar,"{'Mar': 0.000433260237544881, 'Gu': 0.006578040989061765, 'aram': 0.0026316969834903428, 'Param': 0.9883255099335035, 'param': 0.00048151479514591623}",Param,True
92,"You don't like the cold weather. Between Hamilton and Amsterdam, you should visit ->",Hamilton,Amsterdam,"{'Hamilton': 0.9999948020155096, 'Gu': 5.117876725348312e-07, 'warmer': 1.3006987901814637e-07, 'amilton': 4.028425311211297e-06, 'warm': 8.353225435297843e-08}",Hamilton,True
93,"You don't like the cold weather. Between Upington and Ulaanbaatar, you should visit ->",Upington,Ulaanbaatar,"{'Up': 0.8796051987165896, 'O': 0.00044131837685987453, 'U': 0.11732733682068827, 'p': 0.00026179809004204965, 'Kh': 0.00021552276843731516}",Up,True
94,"You don't like the cold weather. Between Lake Havasu City and Fairbanks, you should visit ->",Lake Havasu City,Fairbanks,"{'Gu': 6.69136885267589e-05, 'City': 0.000526689851365621, 'Hav': 0.9494441888242837, 'Lake': 0.04942449141568238, 'Fair': 0.00011093223927928761}",Hav,True
95,"You don't like the cold weather. Between Hat Yai and Zürich, you should visit ->",Hat Yai,Zürich,"{'Hat': 0.9338193078642298, 'Singapore': 3.53735921737954e-05, 'Thailand': 6.068311924357497e-05, 'at': 0.0010895440205892619, 'Y': 0.06480316721782847}",Hat,True
96,"You don't like the cold weather. Between Ségou and Ulaanbaatar, you should visit ->",Ségou,Ulaanbaatar,"{'Gu': 0.0002377066993356796, 'S': 0.9993898136394617, 'M': 4.591089983118947e-05, 'Ou': 0.0001944640976231556, 'K': 2.4696648791320095e-05}",S,True
97,"You don't like the cold weather. Between Cabo San Lucas and Denver, you should visit ->",Cabo San Lucas,Denver,"{'Cab': 0.9933881925266002, 'cab': 0.0002462210126421082, 'Gu': 8.288909902050665e-05, 'San': 0.0061067778603343574, 'C': 8.54412972242119e-05}",Cab,True
98,"You don't like the cold weather. Between San Juan and Kuopio, you should visit ->",San Juan,Kuopio,"{'Sant': 6.583987454789252e-06, 'Puerto': 9.697915494780159e-05, 'Juan': 1.986416903856025e-05, 'Gu': 2.074971596116108e-05, 'San': 0.9998444797145336}",San,True
99,"You don't like the cold weather. Between Malabo and Cape Town, you should visit ->",Malabo,Cape Town,"{'Man': 0.005497867440634537, 'Gu': 0.0033430691056864355, 'M': 0.022371429566526463, 'Mal': 0.960147250831419, 'Equ': 0.0009957085138391827}",Mal,True
100,"You don't like the cold weather. Between Mumbai and Zürich, you should visit ->",Mumbai,Zürich,"{'city': 0.00016285554126778854, 'mbai': 0.00020322455663093086, 'Mumbai': 0.9928272548107782, 'India': 0.0004436291909441121, 'Bombay': 0.005991871369721849}",Mumbai,True
101,"You don't like the cold weather. Between Surabaya and Baltimore, you should visit ->",Surabaya,Baltimore,"{'ur': 0.003144765356623128, 'Indonesia': 0.0008903321167136286, 'city': 0.0006526818893425545, 'B': 0.0010320198268947505, 'Sur': 0.9904156148207998}",Sur,True
102,"You don't like the cold weather. Between Tamanrasset and Moscow, you should visit ->",Tamanrasset,Moscow,"{'Tam': 0.2659578078198735, 'Tunis': 7.555785475549157e-06, 'T': 0.7340081623952185, 'Ou': 1.2329793360647858e-05, '': 3.2175125401538816e-06}",T,True
103,"You don't like the cold weather. Between Nakhon Ratchasima and Vladivostok, you should visit ->",Nakhon Ratchasima,Vladivostok,"{'S': 0.00013282859769716448, 'R': 4.227426709227203e-05, 'N': 0.9996939782941973, 'K': 2.4413336429580742e-05, 'Kh': 5.145509872557958e-05}",N,True
104,"You don't like the cold weather. Between Paramaribo and Podgorica, you should visit ->",Paramaribo,Podgorica,"{'Mar': 0.0005574721561515664, 'Gu': 0.012876060073704971, 'aram': 0.002363379482844926, 'Param': 0.9809369780882852, 'param': 0.00032626618218186424}",Param,True
105,"You don't like the cold weather. Between Makassar and Brussels, you should visit ->",Makassar,Brussels,"{'Mak': 0.9998097884925031, 'warmer': 1.2538470498688193e-05, 'Mog': 3.3667051235963823e-06, 'M': 0.0001312582239222843, 'warm': 2.4030853277577083e-05}",Mak,True
106,"You don't like the cold weather. Between Erbil and Reykjavík, you should visit ->",Erbil,Reykjavík,"{'warmer': 0.0003622961814010367, 'Rey': 0.058380753898276856, 'hot': 0.00036092260976347686, 'Er': 0.9390524913547815, 'r': 0.0005640746257835731}",Er,True
107,"You don't like the cold weather. Between Medellín and Vladivostok, you should visit ->",Medellín,Vladivostok,"{'Gu': 2.1248486110171493e-06, 'Med': 0.999995041369894, 'Colombia': 3.8788846499545165e-07, 'Ant': 1.1394556529527214e-07, 'ed': 1.698289482860934e-06}",Med,True
108,"You don't like the cold weather. Between Kingston and Tirana, you should visit ->",Kingston,Tirana,"{'Tam': 0.020313369777368744, 'T': 0.027422492724229947, 'Georgetown': 0.022039931559237478, 'Kingston': 0.8484985696914213, 'Tir': 0.02961147866760005}",Kingston,True
109,"You don't like the cold weather. Between Cairo and Amsterdam, you should visit ->",Cairo,Amsterdam,"{'Egyptian': 0.000173033039834304, 'Cairo': 0.9875057040207481, 'Alexandria': 0.0002968837232583452, 'gypt': 0.0003937664070476904, 'Egypt': 0.011077259121169924}",Cairo,True
110,"You don't like the cold weather. Between Conakry and Skopje, you should visit ->",Conakry,Skopje,"{'Con': 0.8649338491030477, 'Gu': 0.13103057317438385, 'Guinea': 0.0012835539821328997, 'on': 0.0003363046877917021, 'CON': 0.00030702665194257855}",Con,True
111,"You don't like the cold weather. Between Dar es Salaam and Neuquén, you should visit ->",Dar es Salaam,Neuquén,"{'Tam': 0.0030134984481719816, 'Mog': 0.0006747457531815058, 'ar': 0.0038412413361456057, 'Tanzania': 0.008258048321978996, 'Dar': 0.9793488107577863}",Dar,True
112,"You don't like the cold weather. Between Wau and Irkutsk, you should visit ->",Wau,Irkutsk,"{'trop': 3.029975573580737e-06, 'Jos': 9.626017202479764e-06, 'W': 0.9999424691519627, 'K': 8.421572410961883e-06, 'Ir': 1.020424242629451e-05}",W,True
113,"You don't like the cold weather. Between Kuwait City and Yinchuan, you should visit ->",Kuwait City,Yinchuan,"{'Gulf': 0.00013344915688074215, 'Kuwait': 0.9953375099111686, 'u': 0.0010834639601257474, 'K': 0.0009888330969366212, 'Kh': 0.0021202166545020236}",Kuwait,True
114,"You don't like the cold weather. Between Garoua and Sucre, you should visit ->",Garoua,Sucre,"{'Gu': 0.00024095918395485933, 'ar': 0.0016636571458003796, 'G': 0.0006227705534693106, 'Ou': 0.000631746722297432, 'Gar': 0.9961017649224396}",Gar,True
115,"You don't like the cold weather. Between Port-Gentil and Calgary, you should visit ->",Port-Gentil,Calgary,"{'ort': 0.0015344734286814852, 'Gu': 0.0017352305371019353, 'G': 0.0015507152544569597, 'Port': 0.9864290056486626, 'warm': 0.0015611280657106626}",Port,True
116,"You don't like the cold weather. Between Phnom Penh and Brussels, you should visit ->",Phnom Penh,Brussels,"{'Ph': 0.9443237746694759, 'Cambod': 0.0002691916442138262, 'h': 0.0011771355401822285, 'Cambodia': 0.006774911330846166, 'Kh': 0.04709913232989708}",Ph,True
117,"You don't like the cold weather. Between La Serena and Ulaanbaatar, you should visit ->",La Serena,Ulaanbaatar,"{'Sere': 0.013884730053555684, 'Mog': 0.009044503987020742, 'La': 0.36604035210684194, 'U': 0.5477844219690046, 'Kh': 0.013561156669460887}",U,False
118,"You don't like the cold weather. Between Manila and Milan, you should visit ->",Manila,Milan,"{'Philippines': 0.0009029413110134812, 'city': 7.687052845256701e-05, 'Man': 0.00041659126363024677, 'Philippine': 0.00011223384068137516, 'Manila': 0.9979366491411038}",Manila,True
119,"You don't like the cold weather. Between Lake Havasu City and Kuopio, you should visit ->",Lake Havasu City,Kuopio,"{'Ku': 5.7692406282514355e-05, 'Gu': 0.0002725803840559248, 'City': 7.047975870059897e-05, 'Hav': 0.9865083404187113, 'Lake': 0.012690308335922463}",Hav,True
120,"You don't like the cold weather. Between Minsk and Yakutsk, you should visit ->",Minsk,Yakutsk,"{'Sak': 0.00011830198591639477, 'city': 0.0018832137878206727, 'warmer': 6.689562426964108e-05, 'Yak': 0.5609749089718679, 'M': 0.4365045412397554}",Yak,False
121,"You don't like the cold weather. Between Mumbai and Milwaukee, you should visit ->",Mumbai,Milwaukee,"{'mbai': 0.00013609688992009833, 'Mumbai': 0.9940508185804238, 'M': 0.0001694511285257132, 'India': 0.0002714659067880436, 'Bombay': 0.0050609655182602105}",Mumbai,True
122,"You don't like the cold weather. Between Belize City and Suwałki, you should visit ->",Belize City,Suwałki,"{'el': 6.107470237055805e-07, 'Col': 2.652391407420212e-07, 'Br': 1.6520346524833817e-07, 'Su': 8.581482215406867e-07, 'Bel': 0.9999976639519286}",Bel,True
123,"You don't like the cold weather. Between Kathmandu and Ulaanbaatar, you should visit ->",Kathmandu,Ulaanbaatar,"{'Kath': 0.9995232078615144, 'Nepal': 4.866521763454295e-05, 'N': 8.68956219741843e-06, 'K': 8.485861833685957e-05, 'Kh': 0.00028466770651143844}",Kath,True
124,"You don't like the cold weather. Between Cayenne and Berlin, you should visit ->",Cayenne,Berlin,"{'Gu': 0.0018654809072705654, 'Cay': 0.9972385552224029, 'Georgetown': 0.0002978316988382838, 'C': 0.00024641018301194145, 'warm': 2.8158395676854265e-05}",Cay,True
125,"You don't like the cold weather. Between Abéché and Nur-Sultan, you should visit ->",Abéché,Nur-Sultan,"{'Ab': 0.9983473278691153, 'Ou': 0.0002564512422798899, 'b': 0.0004751058199020376, 'Nur': 0.00046757911201066407, 'Acc': 0.00020702106636456133}",Ab,True
126,"You don't like the cold weather. Between Tamanrasset and Bergen, you should visit ->",Tamanrasset,Bergen,"{'Tam': 0.07225938964133635, 'Tunis': 1.3591908479781585e-06, 'T': 0.9277287538789659, 'Ou': 2.900054581331988e-06, '': 2.463057730504692e-06}",T,True
127,"You don't like the cold weather. Between Yaoundé and Brussels, you should visit ->",Yaoundé,Brussels,"{'Gu': 0.0001268236524295828, 'Ya': 0.998196348238344, 'Ou': 0.000345523327135842, 'Cameroon': 0.0006515935369656804, 'Y': 0.00024781476653697144}",Ya,True
128,"You don't like the cold weather. Between Surabaya and Bergen, you should visit ->",Surabaya,Bergen,"{'ur': 0.004212181055491518, 'Indonesia': 0.001078238594802283, 'B': 0.0014905948656620063, 'Sur': 0.9867978994276556, 'warm': 0.0007896403257793209}",Sur,True
129,"You don't like the cold weather. Between Kunming and Saskatoon, you should visit ->",Kunming,Saskatoon,"{'Kum': 0.0011725161309483637, 'Gu': 0.0008237940488592334, 'Kun': 0.9964222626087564, 'Chong': 0.00033164149726387876, 'K': 0.0009381099484459962}",Kun,True
130,"You don't like the cold weather. Between Ho Chi Minh City and Christchurch, you should visit ->",Ho Chi Minh City,Christchurch,"{'Vietnam': 0.008080167309841188, 'Singapore': 0.0013672511700074494, 'city': 0.0012222285576519588, 'o': 0.0011210741396656427, 'Ho': 0.9855976998122443}",Ho,True
131,"You don't like the cold weather. Between Baghdad and Saskatoon, you should visit ->",Baghdad,Saskatoon,"{'Iraqi': 0.0030482586068188797, 'Baghdad': 0.974274234539576, 'Saddam': 0.0023826475347713807, 'B': 0.0016648254431411188, 'Iraq': 0.010634193156666727}",Baghdad,True
132,"You don't like the cold weather. Between Ségou and Calgary, you should visit ->",Ségou,Calgary,"{'Dak': 2.6697223145709737e-05, 'Gu': 0.00010626633721036543, 'S': 0.9997011295906615, 'Seg': 2.6197200606131434e-05, 'Ou': 3.420707718739241e-05}",S,True
133,"You don't like the cold weather. Between Maputo and Chicago, you should visit ->",Maputo,Chicago,"{'ap': 0.0004758956264216251, 'Moz': 0.0026761930448151575, 'Mog': 0.0023574814782718373, 'M': 0.005088946216553833, 'Map': 0.9880894182775846}",Map,True
134,"You don't like the cold weather. Between Bata and Belgrade, you should visit ->",Bata,Belgrade,"{'Rio': 2.4905165803774284e-07, 'Salvador': 2.9857341140366874e-07, '': 1.5423784159352553e-07, 'B': 0.999886796877957, 'Bel': 0.00011160496720524367}",B,False
135,"You don't like the cold weather. Between Karachi and Anchorage, you should visit ->",Karachi,Anchorage,"{'city': 3.435757636022655e-05, 'Mog': 1.558795589362639e-05, 'Karachi': 0.9997634778157831, 'K': 1.820449529770897e-05, 'Kh': 2.7753627655262647e-05}",Karachi,True
136,"You don't like the cold weather. Between San Juan and Vladivostok, you should visit ->",San Juan,Vladivostok,"{'Sant': 7.423958941580046e-05, 'Puerto': 3.294867533829708e-05, 'Juan': 2.2727566204176604e-05, 'warmer': 2.6127062406493937e-06, 'San': 0.9998569947762219}",San,True
137,"You don't like the cold weather. Between Harare and Moscow, you should visit ->",Harare,Moscow,"{'Hamilton': 0.00037402403421782116, 'Har': 0.9883469074124205, 'Zimbabwe': 0.008230770070157666, 'Kh': 0.0003323110932243772, 'Bul': 0.0010929672867675546}",Har,True
138,"You don't like the cold weather. Between Willemstad and Beijing, you should visit ->",Willemstad,Beijing,"{'Gu': 0.003817692868298797, 'il': 0.002061798951166709, 'Georgetown': 0.00025575796753775294, 'W': 0.002567152425523321, 'Wil': 0.990216178074036}",Wil,True
139,"You don't like the cold weather. Between Port Sudan and Yakutsk, you should visit ->",Port Sudan,Yakutsk,"{'Kum': 0.0010822852512338461, 'Sudan': 0.026623872586981935, 'Port': 0.9444838643381519, 'Kh': 0.019916012949431242, 'Ash': 0.0015703778810749502}",Port,True
140,"You don't like the cold weather. Between Brisbane and Denver, you should visit ->",Brisbane,Denver,"{'Singapore': 0.00017563316989204053, 'Broncos': 5.20676876637524e-05, 'Queensland': 0.004018647000670414, 'Bris': 0.0026349449211411765, 'Brisbane': 0.9929387148616559}",Brisbane,True
141,"You don't like the cold weather. Between Fianarantsoa and Anchorage, you should visit ->",Fianarantsoa,Anchorage,"{'warmer': 0.00032728408590132463, 'T': 0.0010098908735060258, 'M': 0.000491709530982127, 'Ant': 0.0004759791534333426, 'F': 0.9953022222387684}",F,True
142,"You don't like the cold weather. Between Makurdi and Kunming, you should visit ->",Makurdi,Kunming,"{'Mak': 0.9999274507718225, 'Kum': 1.5930277726715064e-05, 'Gu': 4.02488588117014e-06, 'M': 3.422610161060814e-05, 'K': 3.806868967461866e-06}",Mak,True
143,"You don't like the cold weather. Between Conakry and Bishkek, you should visit ->",Conakry,Bishkek,"{'Con': 0.9342183674065391, 'Gu': 0.050701762787763935, 'Guinea': 0.001395031058219522, 'on': 0.000554181116253445, 'B': 0.011401580418370335}",Con,True
144,"You don't like the cold weather. Between Mumbai and Ljubljana, you should visit ->",Mumbai,Ljubljana,"{'city': 0.00018993094485474305, 'mbai': 0.00020433127176265115, 'Mumbai': 0.994802078589904, 'India': 0.0004822081937167498, 'Bombay': 0.0038432573643334225}",Mumbai,True
145,"You don't like the cold weather. Between Kuwait City and Erzurum, you should visit ->",Kuwait City,Erzurum,"{'Gulf': 0.00012123145358136135, 'Kuwait': 0.9970536617989127, 'u': 0.0011805306950974498, 'K': 0.0008504567498818955, 'Kh': 0.0006135191990548687}",Kuwait,True
146,"You don't like the cold weather. Between Makurdi and Milwaukee, you should visit ->",Makurdi,Milwaukee,"{'Mak': 0.9999288802291308, 'Gu': 1.9965118002345903e-06, 'M': 5.031300326766209e-05, 'K': 2.0120026271240004e-06, 'warm': 8.073301916077842e-06}",Mak,True
147,"You don't like the cold weather. Between Makurdi and Minsk, you should visit ->",Makurdi,Minsk,"{'Mak': 0.9983168689564614, 'Gu': 2.700852754012134e-06, 'Jos': 2.4087273993294872e-06, 'M': 0.001663739665241276, 'warm': 5.405043817826731e-06}",Mak,True
148,"You don't like the cold weather. Between San Antonio and Bergen, you should visit ->",San Antonio,Bergen,"{'an': 9.378113758558263e-07, 'San': 0.9999795425592563, 'S': 8.793612080642708e-06, 'B': 5.971048606522772e-06, 'Texas': 8.031318015842588e-07}",San,True
149,"You don't like the cold weather. Between Manaus and La Serena, you should visit ->",Manaus,La Serena,"{'Mana': 1.9276556162649406e-06, 'Man': 0.9999815699998346, 'Salvador': 4.6446018415923187e-07, 'M': 1.3314911305064329e-05, 'Amazon': 1.109675419795684e-06}",Man,True
150,"You don't like the cold weather. Between Houston and Pittsburgh, you should visit ->",Houston,Pittsburgh,"{'hot': 0.0004811141490024952, 'Texas': 0.00029448573325557, 'warm': 0.0011186994206381611, 'uston': 0.00040764983484281874, 'Houston': 0.9967978341044248}",Houston,True
151,"You don't like the cold weather. Between Kano and Kansas City, you should visit ->",Kano,Kansas City,"{'Kum': 7.83177161221765e-08, 'Nigeria': 6.124288895263492e-07, 'Jos': 1.7487977607052447e-06, 'M': 8.712499720030103e-08, 'K': 0.9999971861801588}",K,False
152,"You don't like the cold weather. Between Niamey and Bratislava, you should visit ->",Niamey,Bratislava,"{'Ni': 0.9998946647281494, 'NI': 2.110068809226936e-06, 'i': 2.0962112696423966e-06, 'N': 9.498106519178951e-05, 'Ou': 1.6604863775290947e-06}",Ni,True
153,"You don't like the cold weather. Between Beirut and Saint Petersburg, you should visit ->",Beirut,Saint Petersburg,"{'Lebanon': 0.0009906908796432077, 'Hezbollah': 0.0002522953835368806, 'Lebanese': 0.00031577424949978683, 'Beir': 0.0004886371345911946, 'Beirut': 0.9977054996993996}",Beirut,True
154,"You don't like the cold weather. Between Changsha and Minsk, you should visit ->",Changsha,Minsk,"{'city': 3.7493986419273495e-05, 'Gu': 1.7084071838115708e-05, 'Chang': 0.9986002304925129, 'Chong': 0.00095646008521166, 'Ch': 0.00030446482339496273}",Chang,True
155,"You don't like the cold weather. Between La Ceiba and Santiago, you should visit ->",La Ceiba,Santiago,"{'Sant': 0.0016506018500029086, 'Col': 0.002461511959881611, 'Gu': 0.001174148118337425, 'Ce': 0.14738760406730622, 'La': 0.8394132022563964}",La,True
156,"You don't like the cold weather. Between Manila and Palmerston North, you should visit ->",Manila,Palmerston North,"{'Philippines': 0.001079942694394082, 'Mak': 0.0001327091057386841, 'Man': 0.0021366929408149606, 'Philippine': 0.00013483442685414677, 'Manila': 0.9958437382631277}",Manila,True
157,"You don't like the cold weather. Between Manila and London, you should visit ->",Manila,London,"{'Philippines': 0.0011886655353053237, 'city': 0.0001018766286278487, 'Man': 0.0005091708192364607, 'Philippine': 9.921513348663536e-05, 'Manila': 0.9975862899939203}",Manila,True
158,"You don't like the cold weather. Between Bangui and Neuquén, you should visit ->",Bangui,Neuquén,"{'Br': 2.431796174971627e-07, 'Gu': 1.6670497793662513e-05, 'B': 0.9999787090486555, 'Libre': 2.262722101005589e-06, 'K': 2.315713045107853e-07}",B,True
159,"You don't like the cold weather. Between Panama City and Ljubljana, you should visit ->",Panama City,Ljubljana,"{'an': 0.00022224592921077163, 'Panama': 0.9929763856851935, 'P': 0.00019137264686486957, 'warm': 0.00019186510710766984, 'Pan': 0.005435730830584778}",Panama,True
160,"You don't like the cold weather. Between Paramaribo and Santiago, you should visit ->",Paramaribo,Santiago,"{'Sant': 0.0005851940829663863, 'Gu': 0.0015420886734723292, 'aram': 0.002947381882933478, 'Param': 0.9938219962314133, 'param': 0.0002993635011669417}",Param,True
161,"You don't like the cold weather. Between Tamanrasset and Omaha, you should visit ->",Tamanrasset,Omaha,"{'Tam': 0.1567370999226314, 'Tunis': 1.8085791879085057e-06, 'T': 0.8432385951549235, 'Ou': 9.943594330423263e-06, '': 3.6209541120123363e-06}",T,True
162,"You don't like the cold weather. Between Suva and Sucre, you should visit ->",Suva,Sucre,"{'Su': 0.9612658272675437, 'Jos': 0.0001803309110736591, 'Fiji': 0.0023732949858603723, 'Suc': 0.03425550490622782, 'u': 0.0011072708332829709}",Su,False
163,"You don't like the cold weather. Between La Paz and Yinchuan, you should visit ->",La Paz,Yinchuan,"{'B': 0.0006361914613939402, 'P': 0.0007582525866951134, 'Bolivia': 0.0007946198768368721, 'La': 0.9928007302957477, 'Y': 0.002913095550894172}",La,True
164,"You don't like the cold weather. Between Kingston and Sucre, you should visit ->",Kingston,Sucre,"{'Kum': 0.0013309291122543282, 'Jama': 0.0006430942280898672, 'Georgetown': 0.0005321951566937273, 'Kingston': 0.9935043018546422, 'K': 0.0019446005417436951}",Kingston,True
165,"You don't like the cold weather. Between Nairobi and Halifax, you should visit ->",Nairobi,Halifax,"{'Kenya': 3.4142896580887135e-05, 'Mog': 1.2373208842318913e-05, 'N': 0.9998766672061145, 'Kenyan': 1.1705134105203713e-05, 'K': 4.529132703438293e-05}",N,True
166,"You don't like the cold weather. Between Djibouti and Lisbon, you should visit ->",Djibouti,Lisbon,"{'DJ': 0.0011264788198497243, 'Dj': 0.9900278261760177, 'Dh': 0.00558657768628, 'Mog': 0.0013625481399195385, 'dj': 0.0006490686946131573}",Dj,True
167,"You don't like the cold weather. Between Fianarantsoa and Erzurum, you should visit ->",Fianarantsoa,Erzurum,"{'warmer': 0.0003576816188771317, 'T': 0.000525400042406525, 'M': 0.0007155839752689677, 'Ant': 0.000497612448385665, 'F': 0.9952861296258264}",F,True
168,"You don't like the cold weather. Between Monterrey and Boise, you should visit ->",Monterrey,Boise,"{'Gu': 1.8019230666652328e-05, 'Monte': 1.1987357562430928e-05, 'warmer': 5.7949772904394746e-06, 'Mon': 0.9999322178473139, 'warm': 5.782357999970592e-06}",Mon,True
169,"You don't like the cold weather. Between La Paz and Yerevan, you should visit ->",La Paz,Yerevan,"{'a': 0.0004538795969735685, 'P': 0.001608354294651962, 'Bolivia': 0.0006911477061142151, 'La': 0.6218792232105484, 'Y': 0.37390100840931173}",La,True
170,"You don't like the cold weather. Between Mumbai and Denver, you should visit ->",Mumbai,Denver,"{'mbai': 0.0001402155046448647, 'Mumbai': 0.9941916047338257, 'M': 0.00016767549899793314, 'India': 0.00041151688742061123, 'Bombay': 0.004746483266919747}",Mumbai,True
171,"You don't like the cold weather. Between Tampa and Milwaukee, you should visit ->",Tampa,Milwaukee,"{'Tampa': 0.960321771532877, 'warmer': 0.0018370247496069078, 'Buccaneers': 0.0002242829799628471, 'Florida': 0.0344168571912907, 'warm': 0.001422846267206107}",Tampa,True
172,"You don't like the cold weather. Between Karachi and Canberra, you should visit ->",Karachi,Canberra,"{'city': 5.199177629825801e-05, 'Karachi': 0.999543295951058, 'K': 4.256198814877426e-05, 'Kh': 4.385117691234932e-05, 'Pakistan': 8.316067318080095e-05}",Karachi,True
173,"You don't like the cold weather. Between Phnom Penh and Toronto, you should visit ->",Phnom Penh,Toronto,"{'Ph': 0.9369814164231478, 'Cambod': 0.0002730119475001789, 'h': 0.0011108020022539383, 'Cambodia': 0.004927766185503499, 'Kh': 0.05628525379950789}",Ph,True
174,"You don't like the cold weather. Between Mahajanga and Asmara, you should visit ->",Mahajanga,Asmara,"{'As': 0.03824371675676569, 'M': 0.00036062821704247545, 'ah': 0.0003923412739940134, 'Hon': 0.0004387918513679936, 'Mah': 0.9599135352735063}",Mah,True
175,"You don't like the cold weather. Between Conakry and Murmansk, you should visit ->",Conakry,Murmansk,"{'Con': 0.9475358654730001, 'Gu': 0.04488314250742861, 'Guinea': 0.0035973432214981885, 'on': 0.0008923759906632044, 'CON': 0.00047092938541340895}",Con,True
176,"You don't like the cold weather. Between Garoua and Canberra, you should visit ->",Garoua,Canberra,"{'Gu': 0.00013928059368286975, 'ar': 0.0039039828631613712, 'G': 0.0009758689042390955, 'Ou': 0.0002290347085899515, 'Gar': 0.9943485439014025}",Gar,True
177,"You don't like the cold weather. Between Lima and Ürümqi, you should visit ->",Lima,Ürümqi,"{'Man': 1.976701338946825e-05, 'Gu': 3.529063241224515e-05, 'Peru': 0.000340933777643177, 'Lima': 0.9994461430354254, 'warm': 1.7114525681156742e-05}",Lima,True
178,"You don't like the cold weather. Between Valencia and Río Gallegos, you should visit ->",Valencia,Río Gallegos,"{'warmer': 0.0001594591151413626, 'Valencia': 0.9932816202072691, 'R': 0.005410260693210316, 'warm': 0.00041210351095015305, 'al': 0.0001281744924657536}",Valencia,True
179,"You don't like the cold weather. Between Panama City and Lisbon, you should visit ->",Panama City,Lisbon,"{'an': 0.001230704388420634, 'city': 0.0006604907755226655, 'Panama': 0.9809807259102006, 'warm': 0.0010446357697659948, 'Pan': 0.012080508415322285}",Panama,True
180,"You don't like the cold weather. Between Rangpur and Zürich, you should visit ->",Rangpur,Zürich,"{'Z': 0.00012130821738465896, 'Bangladesh': 7.857711961126492e-05, 'Dh': 0.0017632094137599425, 'R': 0.9977634378406645, 'Kh': 0.00017192159983135669}",R,True
181,"You don't like the cold weather. Between Makurdi and Moscow, you should visit ->",Makurdi,Moscow,"{'Mak': 0.9999689351265232, 'Gu': 2.0456069815821875e-06, 'M': 1.604843854559084e-05, 'K': 1.7379322734080507e-06, 'warm': 3.7656879159603292e-06}",Mak,True
182,"You don't like the cold weather. Between Damascus and Ulaanbaatar, you should visit ->",Damascus,Ulaanbaatar,"{'Assad': 0.0009055841073261606, 'am': 0.0025246142505122816, 'Damascus': 0.9778070234038213, 'Syria': 0.012398489850967342, 'U': 0.0023566609817849494}",Damascus,True
183,"You don't like the cold weather. Between San Juan and Toronto, you should visit ->",San Juan,Toronto,"{'Sant': 1.6599649122897827e-05, 'Puerto': 0.00010353891764928547, 'Juan': 5.772322762251767e-06, 'Gu': 9.115830868599884e-06, 'San': 0.9998591411515393}",San,True
184,"You don't like the cold weather. Between Beirut and Yakutsk, you should visit ->",Beirut,Yakutsk,"{'Lebanon': 0.002090805250267802, 'Hezbollah': 0.001483418585133362, 'Lebanese': 0.0014321058436667826, 'Beir': 0.001584029281445048, 'Beirut': 0.9924433415994135}",Beirut,True
185,"You don't like the cold weather. Between Brasília and Lhasa, you should visit ->",Brasília,Lhasa,"{'Rio': 0.0010286613317161116, 'Br': 0.0002328376798915219, 'Bras': 0.9964531988116917, 'Braz': 0.001450607274827958, 'bras': 0.00021650086827969568}",Bras,True
186,"You don't like the cold weather. Between Muscat and Minneapolis, you should visit ->",Muscat,Minneapolis,"{'us': 0.0022633623632130916, 'Dh': 0.0008893288329595363, 'Mus': 0.9944144664232631, 'Mog': 0.0008211309176652613, 'Oman': 0.0005859688071051669}",Mus,True
187,"You don't like the cold weather. Between Asmara and Reykjavík, you should visit ->",Asmara,Reykjavík,"{'As': 0.9999266135629163, 'Tehran': 7.554606864948985e-06, 'Rey': 1.2739922385866484e-05, 'hot': 6.210209044655696e-06, 'Ash': 2.7114714688556998e-05}",As,True
188,"You don't like the cold weather. Between Pontianak and Sacramento, you should visit ->",Pontianak,Sacramento,"{'Singapore': 6.462540230064557e-05, 'Pont': 0.996817625123811, 'B': 0.0003383070645144469, 'pont': 7.315376223768503e-05, 'ont': 0.002297400528983235}",Pont,True
189,"You don't like the cold weather. Between San José and Zürich, you should visit ->",San José,Zürich,"{'an': 4.573887766228475e-06, 'Costa': 8.207033725231449e-06, 'Jos': 7.820437958906645e-06, 'San': 0.9999251831689188, 'SJ': 3.891226738941839e-05}",San,True
190,"You don't like the cold weather. Between Garissa and Viedma, you should visit ->",Garissa,Viedma,"{'Dh': 0.00016174686605670375, 'ar': 0.01076288648000851, 'Mog': 7.048483342591342e-05, 'Mal': 9.027716579551744e-05, 'Gar': 0.9879000508093864}",Gar,True
191,"You don't like the cold weather. Between Niamey and Frankfurt, you should visit ->",Niamey,Frankfurt,"{'Ni': 0.999876069370035, 'Niger': 4.006514085790141e-06, 'NI': 1.3774838777232406e-06, 'i': 1.560183680069144e-06, 'N': 0.00011347556846825135}",Ni,True
192,"You don't like the cold weather. Between La Paz and Ankara, you should visit ->",La Paz,Ankara,"{'a': 0.0009273467557913074, 'B': 0.0003495522528592051, 'Bolivia': 0.0004346319399893119, 'La': 0.9968619699409328, 'Ch': 0.0003996699405914887}",La,True
193,"You don't like the cold weather. Between Cairo and London, you should visit ->",Cairo,London,"{'Egyptian': 0.00013751053852176218, 'Cairo': 0.9902780457428265, 'Alexandria': 9.618020410521388e-05, 'gypt': 0.00018158567083570172, 'Egypt': 0.00907896027576237}",Cairo,True
194,"You don't like the cold weather. Between Antsiranana and Albuquerque, you should visit ->",Antsiranana,Albuquerque,"{'nt': 1.6000614871310886e-06, 'Antar': 3.4400243779180273e-06, 'Ant': 0.9999675046679848, 'Anth': 1.2693620671881202e-05, 'Hon': 4.681326724822372e-06}",Ant,True
195,"You don't like the cold weather. Between Palermo and Saskatoon, you should visit ->",Palermo,Saskatoon,"{'al': 0.004076691607590545, 'Col': 0.0008724397157247399, 'Med': 0.0002536972324928826, 'Pal': 0.9937653710598869, 'warm': 0.00013703502607935737}",Pal,True
196,"You don't like the cold weather. Between El Paso and Lviv, you should visit ->",El Paso,Lviv,"{'Ju': 0.0007824885251519844, 'Lv': 0.011530587407367001, 'El': 0.9815662262629001, 'warm': 0.000816845979875884, 'Ch': 0.0008143364077525547}",El,True
197,"You don't like the cold weather. Between Phnom Penh and Irkutsk, you should visit ->",Phnom Penh,Irkutsk,"{'Ph': 0.9146370628655732, 'Cambod': 0.00013949134522853608, 'h': 0.0007619916197816343, 'Cambodia': 0.002392697232998721, 'Kh': 0.0818596977667156}",Ph,True
198,"You don't like the cold weather. Between Panama City and Boise, you should visit ->",Panama City,Boise,"{'an': 0.0003333715247377905, 'warmer': 0.0004441632424179836, 'Panama': 0.9907035070873307, 'warm': 0.0004812386293336787, 'Pan': 0.006041236315406087}",Panama,True
199,"You don't like the cold weather. Between Manaus and Nur-Sultan, you should visit ->",Manaus,Nur-Sultan,"{'Mana': 1.6081308759554e-06, 'Man': 0.9999136208508935, 'Mang': 5.654867343117764e-07, 'M': 8.025142813802793e-05, 'Amazon': 1.1487611007425299e-06}",Man,True
