,prompt,completion
0,Joao Moutinho is a ->, soccer player.
1,Bryce Harper is a ->, baseball player.
2,Freddie Freeman is a ->, baseball player.
3,Malcolm Brogdon is a ->, basketball player.
4,Tuukka Rask is a ->, hockey player.
5,Jacob Markstrom is a ->, hockey player.
6,Tristan Jarry is a ->, hockey player.
7,Clayton Kershaw is a ->, baseball player.
8,Jose Ramirez is a ->, baseball player.
9,Elias Lindholm is a ->, hockey player.
10,Robin Lehner is a ->, hockey player.
11,Paulinho is a ->, soccer player.
12,Norman Powell is a ->, basketball player.
13,Jayson Tatum is a ->, basketball player.
14,Darcy Kuemper is a ->, hockey player.
15,Jarrett Allen is a ->, basketball player.
16,Leon Draisaitl is a ->, hockey player.
17,Paul Goldschmidt is a ->, baseball player.
18,Kyle Anderson is a ->, basketball player.
19,Keenan Allen is a ->, football player.
20,Mapou Yanga-M'Biwa is a ->, soccer player.
21,Juan Soto is a ->, baseball player.
22,Santi Cazorla is a ->, soccer player.
23,Trevor Bauer is a ->, baseball player.
24,Michael Porter Jr. is a ->, basketball player.
25,Radamel Falcao is a ->, soccer player.
26,Christian Yelich is a ->, baseball player.
27,Calvin Ridley is a ->, football player.
28,Patrice Bergeron is a ->, hockey player.
29,Javi Martinez is a ->, soccer player.
30,Caris LeVert is a ->, basketball player.
31,Neymar is a ->, soccer player.
32,Maradona is a ->, soccer player.
33,Jaylen Brown is a ->, basketball player.
34,Nelson Cruz is a ->, baseball player.
35,Nathan MacKinnon is a ->, hockey player.
36,Tyler Boyd is a ->, football player.
37,Tom Wilson is a ->, hockey player.
38,Freddie Freeman is a ->, baseball player.
39,Kailer Yamamoto is a ->, hockey player.
40,Deshaun Watson is a ->, American football player.
41,Diego Forlan is a ->, soccer player.
42,Brendan Gallagher is a ->, hockey player.
43,Trae Young is a ->, basketball player.
44,Walker Buehler is a ->, baseball player.
45,Deshaun Watson is a ->, American football player.
46,DK Metcalf is a ->, football player.
47,Carlos Tevez is a ->, soccer player.
48,Thomas Muller is a ->, soccer player.
49,Vincent Kompany is a ->, soccer player.
50,Luka Doncic is a ->, basketball player.
51,Didier Drogba is a ->, soccer player.
52,Cale Makar is a ->, hockey player.
53,Manny Machado is a ->, baseball player.
54,Golden Tate is a ->, football player.
55,Dani Alves is a ->, soccer player.
56,Anthony Rizzo is a ->, baseball player.
57,Shai Gilgeous-Alexander is a ->, basketball player.
58,Shai Gilgeous-Alexander is a ->, basketball player.
59,Neymar is a ->, soccer player.
60,Derek Carr is a ->,n American football player.
61,DK Metcalf is a ->, football player.
62,Patrice Bergeron is a ->, hockey player.
63,Cam Newton is a ->, football player.
64,Arjen Robben is a ->, soccer player.
65,Javi Martinez is a ->, soccer player.
66,Carles Puyol is a ->, soccer player.
67,Malcolm Brogdon is a ->, basketball player.
68,Jaren Jackson Jr. is a ->, basketball player.
69,Norman Powell is a ->, basketball player.
70,Logan Couture is a ->, hockey player.
71,Chris Godwin is a ->, baseball player.
72,Mitchell Marner is a ->, hockey player.
73,Jack Flaherty is a ->, baseball player.
74,Victor Wanyama is a ->, soccer player.
75,Taylor Hall is a ->, hockey player.
76,Sergio Ramos is a ->, soccer player.
77,Will Fuller is a ->, football player.
78,Jamal Murray is a ->, basketball player.
79,Patrice Evra is a ->, soccer player.
80,Klaas Jan Huntelaar is a ->, soccer player.
81,Matt Ryan is a ->, soccer player.
82,Marek Hamsik is a ->, soccer player.
83,Deandre Ayton is a ->, basketball player.
84,Jerami Grant is a ->, basketball player.
85,Luke Voit is a ->, baseball player.
86,Brent Burns is a ->, hockey player.
87,Dejounte Murray is a ->, basketball player.
88,Matthew Stafford is a ->, American football player.
89,Trevor Story is a ->, baseball player.
90,Mookie Betts is a ->, baseball player.
91,Evgeni Malkin is a ->, hockey player.
92,Henrikh Mkhitaryan is a ->, soccer player.
93,Sam Darnold is a ->, American football player.
94,Darius Slayton is a ->, football player.
95,Walker Buehler is a ->, baseball player.
96,Miro Heiskanen is a ->, hockey player.
97,Tobias Harris is a ->, basketball player.
98,Trent Grisham is a ->, baseball player.
99,Malik Beasley is a ->, basketball player.
100,Arjen Robben is a ->, soccer player.
101,Mark Stone is a ->, hockey player.
102,Charlie Blackmon is a ->, baseball player.
103,Darijo Srna is a ->, soccer player.
104,Jacob deGrom is a ->, baseball player.
105,Corbin Burnes is a ->, baseball player.
106,John Tavares is a ->, hockey player.
107,Mookie Betts is a ->, baseball player.
108,Malcolm Brogdon is a ->, basketball player.
109,Nikola Vucevic is a ->, basketball player.
110,Yoan Moncada is a ->, baseball player.
111,Seth Jones is a ->, hockey player.
112,Mike Trout is a ->, baseball player.
113,Sterling Shepard is a ->, football player.
114,Eden Hazard is a ->, soccer player.
115,Domantas Sabonis is a ->, basketball player.
116,Brandin Cooks is a ->, football player.
117,Deandre Ayton is a ->, basketball player.
118,Rhys Hoskins is a ->, baseball player.
119,Zach LaVine is a ->, basketball player.
120,Jamal Murray is a ->, basketball player.
121,Gerard Pique is a ->, soccer player.
122,Deshaun Watson is a ->, American football player.
123,Charlie Blackmon is a ->, baseball player.
124,Jamal Murray is a ->, basketball player.
125,Zach LaVine is a ->, basketball player.
126,Max Pacioretty is a ->, hockey player.
127,John Carlson is a ->, hockey player.
128,Matthew Tkachuk is a ->, hockey player.
129,Jordi Alba is a ->, soccer player.
130,A.J. Green is a ->, baseball player.
131,Sonny Gray is a ->, baseball player.
132,Radamel Falcao is a ->, soccer player.
133,Gleyber Torres is a ->, baseball player.
134,Luis Suarez is a ->, soccer player.
135,Diontae Johnson is a ->, football player.
136,Joey Gallo is a ->, baseball player.
137,Zach LaVine is a ->, basketball player.
138,Trae Young is a ->, basketball player.
139,Andrew Wiggins is a ->, basketball player.
140,Mika Zibanejad is a ->, hockey player.
141,Shai Gilgeous-Alexander is a ->, basketball player.
142,Kyle Lowry is a ->, basketball player.
143,Gordon Hayward is a ->, basketball player.
144,Nemanja Vidic is a ->, soccer player.
145,Daniel Jones is a ->, soccer player.
146,J.T. Miller is a ->, hockey player.
147,Paul Goldschmidt is a ->, baseball player.
148,Sterling Shepard is a ->, football player.
149,Eugenio Suarez is a ->, baseball player.
150,Eden Hazard is a ->, soccer player.
151,Jamal Murray is a ->, basketball player.
152,Javier Zanetti is a ->, soccer player.
153,Freddie Freeman is a ->, baseball player.
154,Luka Modric is a ->, soccer player.
155,Max Scherzer is a ->, baseball player.
156,Mikko Rantanen is a ->, hockey player.
157,Philip Rivers is a ->, baseball player.
158,James Karinchak is a ->, baseball player.
159,Mathew Barzal is a ->, hockey player.
160,John Terry is a ->, soccer player.
161,Klaas Jan Huntelaar is a ->, soccer player.
162,Mika Zibanejad is a ->, soccer player.
163,Mapou Yanga-M'Biwa is a ->, soccer player.
164,Zack Greinke is a ->, baseball player.
165,Didier Drogba is a ->, soccer player.
166,William Nylander is a ->, hockey player.
167,Malcolm Brogdon is a ->, basketball player.
168,Nicklas Backstrom is a ->, hockey player.
169,Jaylen Brown is a ->, basketball player.
170,Mitchell Trubisky is a ->,n American football player.
171,Kwadwo Asamoah is a ->, soccer player.
172,Andres Iniesta is a ->, soccer player.
173,Neymar is a ->, soccer player.
174,DJ Chark is a ->, football player.
175,Pierre-Emerick Aubameyang is a ->, soccer player.
176,Mecole Hardman is a ->, football player.
177,John Tavares is a ->, hockey player.
178,Samir Nasri is a ->, soccer player.
179,Henrikh Mkhitaryan is a ->, soccer player.
180,Mitchell Marner is a ->, hockey player.
181,Khris Middleton is a ->, basketball player.
182,John Carlson is a ->, hockey player.
183,Philipp Lahm is a ->, soccer player.
184,Jordi Alba is a ->, soccer player.
185,Juan Soto is a ->, baseball player.
186,Patrick Kane is a ->, hockey player.
187,Mikal Bridges is a ->, basketball player.
188,Allen Robinson is a ->, football player.
189,Golden Tate is a ->, football player.
190,Miro Heiskanen is a ->, hockey player.
191,Eugenio Suarez is a ->, baseball player.
192,Jakub Vrana is a ->, hockey player.
193,Jimmy Butler is a ->, basketball player.
194,Pascal Siakam is a ->, basketball player.
195,Mitchell Robinson is a ->, basketball player.
196,Mike Hoffman is a ->, hockey player.
197,Alex Bregman is a ->, baseball player.
198,Marcell Ozuna is a ->, baseball player.
199,Eden Hazard is a ->, soccer player.
200,Diego Forlan is a ->, soccer player.
201,Donovan Mitchell is a ->, basketball player.
202,Dejounte Murray is a ->, basketball player.
203,Juan Soto is a ->, baseball player.
204,DeMar DeRozan is a ->, basketball player.
205,De'Aaron Fox is a ->, basketball player.
206,Brad Hand is a ->, baseball player.
207,Andres Iniesta is a ->, soccer player.
208,Eden Hazard is a ->, soccer player.
209,Joey Gallo is a ->, baseball player.
210,Kyle Tucker is a ->, baseball player.
211,Terry McLaurin is a ->, football player.
212,Tyler Glasnow is a ->, baseball player.
213,Mark Scheifele is a ->, hockey player.
214,Ryan O'Reilly is a ->, hockey player.
215,Angel Di Maria is a ->, soccer player.
216,Andrei Svechnikov is a ->, hockey player.
217,Will Fuller is a ->, football player.
218,Dejounte Murray is a ->, basketball player.
219,Baker Mayfield is a ->, football player.
220,Tim Anderson is a ->, soccer player.
221,Trae Young is a ->, basketball player.
222,Adam Thielen is a ->, football player.
223,Travis Konecny is a ->, hockey player.
224,Iker Casillas is a ->, soccer player.
225,Max Scherzer is a ->, baseball player.
226,Cale Makar is a ->, hockey player.
227,Darius Slayton is a ->, football player.
228,Klaas Jan Huntelaar is a ->, soccer player.
229,Kyle Connor is a ->, hockey player.
230,Luis Robert is a ->, baseball player.
231,Javier Mascherano is a ->, soccer player.
232,Chris Boucher is a ->, basketball player.
233,Ryan Nugent-Hopkins is a ->, hockey player.
234,Michael Thomas is a ->, basketball player.
235,Chris Boucher is a ->, basketball player.
236,Evgeni Malkin is a ->, hockey player.
237,Evgeni Malkin is a ->, hockey player.
238,Kwadwo Asamoah is a ->, soccer player.
239,Mikal Bridges is a ->, basketball player.
240,Karim Benzema is a ->, soccer player.
241,Juan Soto is a ->, baseball player.
242,Kyle Tucker is a ->, baseball player.
243,Keenan Allen is a ->, football player.
244,Tyrese Haliburton is a ->, basketball player.
245,Corbin Burnes is a ->, baseball player.
246,Wayne Rooney is a ->, soccer player.
247,Marouane Fellaini is a ->, soccer player.
248,Tyler Glasnow is a ->, baseball player.
249,Gerrit Cole is a ->, baseball player.
250,Neal Pionk is a ->, hockey player.
251,Mike Williams is a ->, football player.
252,Jarrett Allen is a ->, basketball player.
253,Timo Meier is a ->, hockey player.
254,Franmil Reyes is a ->, baseball player.
255,Chris Godwin is a ->, football player.
256,Bastian Schweinsteiger is a ->, soccer player.
257,Jonathan Marchessault is a ->, hockey player.
258,Patrik Laine is a ->, hockey player.
259,Daniel Jones is a ->, American football player.
260,Javier Pastore is a ->, soccer player.
261,Amari Cooper is a ->, football player.
262,Ben Simmons is a ->, basketball player.
263,Blake Snell is a ->, baseball player.
264,Eden Hazard is a ->, soccer player.
265,Eden Hazard is a ->, soccer player.
266,Brady Tkachuk is a ->, hockey player.
267,John Carlson is a ->, hockey player.
268,Darius Slayton is a ->, football player.
269,Gordon Hayward is a ->, basketball player.
270,Jerry Jeudy is a ->, football player.
271,James Harden is a ->, basketball player.
272,Toni Kroos is a ->, soccer player.
273,Kyle Tucker is a ->, baseball player.
274,Tyler Lockett is a ->, football player.
275,Robin Lehner is a ->, hockey player.
276,Yaya Toure is a ->, soccer player.
277,Damian Lillard is a ->, basketball player.
278,Jordan Binnington is a ->, hockey player.
279,Tuukka Rask is a ->, hockey player.
280,Ozzie Albies is a ->, baseball player.
281,Robert Lewandowski is a ->, soccer player.
282,David Luiz is a ->, soccer player.
283,Marcus Smart is a ->, basketball player.
284,Jonas Valanciunas is a ->, basketball player.
285,Javier Baez is a ->, baseball player.
286,Roman Josi is a ->, hockey player.
287,Bo Bichette is a ->, baseball player.
288,Jack Eichel is a ->, hockey player.
289,Brandin Cooks is a ->, football player.
290,Khyri Thomas is a ->, basketball player.
291,Nicklas Backstrom is a ->, hockey player.
292,Ben Roethlisberger is a ->, football player.
293,Jaylen Brown is a ->, basketball player.
294,Toni Kroos is a ->, soccer player.
295,Caris LeVert is a ->, basketball player.
296,Bryce Harper is a ->, baseball player.
297,Pete Alonso is a ->, baseball player.
298,Jose Altuve is a ->, baseball player.
299,Yoan Moncada is a ->, baseball player.
300,Norman Powell is a ->, basketball player.
301,Gerard Pique is a ->, soccer player.
302,Connor McDavid is a ->, hockey player.
303,Stephen Strasburg is a ->, baseball player.
304,Tom Wilson is a ->, hockey player.
305,Jayson Tatum is a ->, basketball player.
306,LeBron James is a ->, basketball player.
307,Collin Sexton is a ->, basketball player.
308,Zach Plesac is a ->, baseball player.
309,Paul Goldschmidt is a ->, baseball player.
310,Collin Sexton is a ->, basketball player.
311,Tyler Glasnow is a ->, baseball player.
312,Christian Eriksen is a ->, soccer player.
313,Lamar Jackson is a ->, football player.
314,Petr Cech is a ->, soccer player.
315,Michael Thomas is a ->, football player.
316,Calvin Ridley is a ->, football player.
317,Carlos Tevez is a ->, soccer player.
318,Amari Cooper is a ->, football player.
319,Tuukka Rask is a ->, hockey player.
320,Terry Rozier is a ->, basketball player.
321,Sergio Ramos is a ->, soccer player.
322,Aaron Nola is a ->, baseball player.
323,Adalberto Mondesi is a ->, baseball player.
324,Gleyber Torres is a ->, baseball player.
325,Yaya Toure is a ->, soccer player.
326,Collin Sexton is a ->, basketball player.
327,Willian is a ->, soccer player.
328,James Harden is a ->, basketball player.
329,Kyle Lowry is a ->, basketball player.
330,Nerlens Noel is a ->, basketball player.
331,Al Horford is a ->, basketball player.
332,Kenta Maeda is a ->, baseball player.
333,Luis Suarez is a ->, soccer player.
334,George Springer is a ->, baseball player.
335,Julio Jones is a ->, football player.
336,Kawhi Leonard is a ->, basketball player.
337,Mats Hummels is a ->, soccer player.
338,Stephan El Shaarawy is a ->, soccer player.
339,Rhys Hoskins is a ->, baseball player.
340,Kristaps Porzingis is a ->, basketball player.
341,A.J. Green is a ->, football player.
342,Kyle Palmieri is a ->, hockey player.
343,Sean Couturier is a ->, hockey player.
344,Luka Doncic is a ->, basketball player.
345,Gordon Hayward is a ->, basketball player.
346,De'Aaron Fox is a ->, basketball player.
347,Paul Goldschmidt is a ->, baseball player.
348,Juan Mata is a ->, soccer player.
349,T.Y. Hilton is a ->, football player.
350,Marcell Ozuna is a ->, baseball player.
351,Luka Doncic is a ->, basketball player.
352,Jesus Luzardo is a ->, baseball player.
353,Chris Godwin is a ->, football player.
354,Franck Ribery is a ->, soccer player.
355,Jonathan Toews is a ->, hockey player.
356,Marcelo is a ->, soccer player.
357,Vincent Kompany is a ->, soccer player.
358,Mathew Barzal is a ->, hockey player.
359,Delon Wright is a ->, basketball player.
360,Michael Porter Jr. is a ->, basketball player.
361,Moussa Dembele is a ->, soccer player.
362,Carlos Correa is a ->, baseball player.
363,Henry Ruggs is a ->, football player.
364,Miles Bridges is a ->, basketball player.
365,Neymar is a ->, soccer player.
366,Alex Pietrangelo is a ->, hockey player.
367,Alex Pietrangelo is a ->, hockey player.
368,Pete Alonso is a ->, baseball player.
369,Marquise Brown is a ->, football player.
370,Thiago Silva is a ->, soccer player.
371,Gerrit Cole is a ->, baseball player.
372,Marouane Fellaini is a ->, soccer player.
373,Mike Williams is a ->, soccer player.
374,Cristiano Ronaldo is a ->, soccer player.
375,Malik Beasley is a ->, basketball player.
376,Frederik Andersen is a ->, hockey player.
377,Joe Burrow is a ->, American football player.
378,Connor McDavid is a ->, hockey player.
379,Bam Adebayo is a ->, basketball player.
380,Claude Giroux is a ->, hockey player.
381,Tua Tagovailoa is a ->, football player.
382,Adam Thielen is a ->, football player.
383,Julian Edelman is a ->, football player.
384,J.D. Martinez is a ->, baseball player.
385,Kawhi Leonard is a ->, basketball player.
386,Freddie Freeman is a ->, baseball player.
387,Darijo Srna is a ->, soccer player.
388,Juan Soto is a ->, baseball player.
389,Kevin Durant is a ->, basketball player.
390,Edinson Cavani is a ->, soccer player.
391,Radamel Falcao is a ->, soccer player.
392,Fred VanVleet is a ->, basketball player.
393,Klaas Jan Huntelaar is a ->, soccer player.
394,John Collins is a ->, basketball player.
395,Connor McDavid is a ->, hockey player.
396,P.J. Washington is a ->, basketball player.
397,Gleyber Torres is a ->, baseball player.
398,William Nylander is a ->, hockey player.
399,AJ Pollock is a ->, baseball player.
400,Zach Werenski is a ->, hockey player.
401,Julio Jones is a ->, football player.
402,Kawhi Leonard is a ->, basketball player.
403,Nick Castellanos is a ->, baseball player.
404,Golden Tate is a ->, football player.
405,Khris Middleton is a ->, basketball player.
406,Tyler Boyd is a ->, football player.
407,Max Pacioretty is a ->, hockey player.
408,Mathieu Valbuena is a ->, soccer player.
409,Hulk is a ->, soccer player.
410,Aaron Nola is a ->, baseball player.
411,Jack Eichel is a ->, hockey player.
412,Miro Heiskanen is a ->, hockey player.
413,Jacob Markstrom is a ->, hockey player.
414,Raisel Iglesias is a ->, baseball player.
415,Kyle Connor is a ->, hockey player.
416,Jayson Tatum is a ->, basketball player.
417,Timo Meier is a ->, hockey player.
418,Brandon Ingram is a ->, basketball player.
419,Jonas Valanciunas is a ->, basketball player.
420,LeBron James is a ->, basketball player.
421,Morgan Rielly is a ->, hockey player.
422,Cooper Kupp is a ->, football player.
423,Stephan El Shaarawy is a ->, soccer player.
424,Aaron Judge is a ->, baseball player.
425,Kenny Golladay is a ->, football player.
426,Kyle Tucker is a ->, baseball player.
427,Brayden Schenn is a ->, hockey player.
428,Paulinho is a ->, soccer player.
429,Mookie Betts is a ->, baseball player.
430,Adam Thielen is a ->, football player.
431,Karl-Anthony Towns is a ->, basketball player.
432,Andrea Pirlo is a ->, soccer player.
433,Terry Rozier is a ->, basketball player.
434,Lonzo Ball is a ->, basketball player.
435,Trae Young is a ->, basketball player.
436,Fernando Tatis Jr. is a ->, baseball player.
437,Claude Giroux is a ->, hockey player.
438,Kailer Yamamoto is a ->, hockey player.
439,Manny Machado is a ->, baseball player.
440,Khyri Thomas is a ->, basketball player.
441,Mike Conley is a ->, basketball player.
442,Fred VanVleet is a ->, basketball player.
443,Nicklas Backstrom is a ->, hockey player.
444,Miles Bridges is a ->, basketball player.
445,Toni Kroos is a ->, soccer player.
446,Fred VanVleet is a ->, basketball player.
447,Matt Chapman is a ->, baseball player.
448,Javi Martinez is a ->, soccer player.
449,Stephen Curry is a ->, basketball player.
450,John Collins is a ->, basketball player.
451,Karim Benzema is a ->, soccer player.
452,Vladimir Guerrero Jr. is a ->, baseball player.
453,Nick Foles is a ->, American football player.
454,Zach LaVine is a ->, basketball player.
455,John Brown is a ->, football player.
456,Ben Simmons is a ->, basketball player.
457,Ben Roethlisberger is a ->, American football player.
458,Hyun Jin Ryu is a ->, baseball player.
459,Chris Boucher is a ->, basketball player.
460,Juan Soto is a ->, baseball player.
461,Marcus Semien is a ->, baseball player.
462,Andrei Vasilevskiy is a ->, hockey player.
463,John Collins is a ->, basketball player.
464,Brad Hand is a ->, baseball player.
465,Evander Kane is a ->, hockey player.
466,Wayne Rooney is a ->, soccer player.
467,Nick Castellanos is a ->, baseball player.
468,Julian Edelman is a ->, football player.
469,De'Aaron Fox is a ->, basketball player.
470,Kris Bryant is a ->, baseball player.
471,Darcy Kuemper is a ->, hockey player.
472,Franck Ribery is a ->, soccer player.
473,Thomas Muller is a ->, soccer player.
474,Jonathan Marchessault is a ->, hockey player.
475,Ketel Marte is a ->, baseball player.
476,Darijo Srna is a ->, soccer player.
477,T.J. McConnell is a ->, basketball player.
478,Daniele De Rossi is a ->, soccer player.
479,Ramires is a ->, soccer player.
480,Gerrit Cole is a ->, baseball player.
481,Ben Simmons is a ->, basketball player.
482,Deshaun Watson is a ->, American football player.
483,Robin Lehner is a ->, hockey player.
484,Gleyber Torres is a ->, baseball player.
485,Adam Thielen is a ->, football player.
486,Brad Hand is a ->, baseball player.
487,Marcell Ozuna is a ->, baseball player.
488,Anders Lee is a ->, hockey player.
489,Mike Trout is a ->, baseball player.
490,Brady Tkachuk is a ->, hockey player.
491,Zach LaVine is a ->, basketball player.
492,Trent Grisham is a ->, baseball player.
493,Claude Giroux is a ->, hockey player.
494,Marcell Ozuna is a ->, baseball player.
495,Sergio Aguero is a ->, soccer player.
496,Darius Garland is a ->, basketball player.
497,Devin Booker is a ->, basketball player.
498,Pierre-Luc Dubois is a ->, hockey player.
499,Yordan Alvarez is a ->, baseball player.
500,Connor McDavid is a ->, hockey player.
501,Alex Bregman is a ->, baseball player.
502,Mecole Hardman is a ->, football player.
503,Nelson Cruz is a ->, baseball player.
504,William Nylander is a ->, hockey player.
505,David Luiz is a ->, soccer player.
506,Calvin Ridley is a ->, football player.
507,Aaron Nola is a ->, baseball player.
508,Nick Foles is a ->, American football player.
509,J.T. Realmuto is a ->, baseball player.
510,Franmil Reyes is a ->, baseball player.
511,Carlos Tevez is a ->, soccer player.
512,Frederik Andersen is a ->, hockey player.
513,Kyle Palmieri is a ->, hockey player.
514,Tyler Glasnow is a ->, baseball player.
515,Sergio Ramos is a ->, soccer player.
516,Ezequiel Lavezzi is a ->, soccer player.
517,Jacob Markstrom is a ->, hockey player.
518,Brent Burns is a ->, hockey player.
519,Kyrie Irving is a ->, basketball player.
520,Bastian Schweinsteiger is a ->, soccer player.
521,Mike Evans is a ->, football player.
522,Robert Woods is a ->, football player.
523,Ketel Marte is a ->, baseball player.
524,Marcelo is a ->, soccer player.
525,Caris LeVert is a ->, basketball player.
526,Courtland Sutton is a ->, football player.
527,Zack Greinke is a ->, baseball player.
528,Kendrick Nunn is a ->, basketball player.
529,Stephen Curry is a ->, basketball player.
530,Hernanes is a ->, soccer player.
531,Pepe is a ->, soccer player.
532,Santi Cazorla is a ->, soccer player.
533,Pedro is a ->, soccer player.
534,Nerlens Noel is a ->, basketball player.
535,Delon Wright is a ->, basketball player.
536,Robert Lewandowski is a ->, soccer player.
537,Karl-Anthony Towns is a ->, basketball player.
538,DeMar DeRozan is a ->, basketball player.
539,Kevin Durant is a ->, basketball player.
540,Philip Rivers is a ->, football player.
541,Gardner Minshew is a ->, football player.
542,Devin Booker is a ->, basketball player.
543,Darius Garland is a ->, basketball player.
544,Chris Paul is a ->, basketball player.
545,Joey Gallo is a ->, baseball player.
546,Terry McLaurin is a ->, football player.
547,Gardner Minshew is a ->, football player.
548,Sergio Aguero is a ->, soccer player.
549,Darijo Srna is a ->, soccer player.
550,Jonathan Huberdeau is a ->, hockey player.
551,Mark Stone is a ->, hockey player.
552,Taylor Hall is a ->, hockey player.
553,Johnny Gaudreau is a ->, hockey player.
554,Nikola Jokic is a ->, basketball player.
555,Justin Herbert is a ->, football player.
556,Corbin Burnes is a ->, baseball player.
557,Dani Alves is a ->, soccer player.
558,Wesley Sneijder is a ->, soccer player.
559,George Springer is a ->, baseball player.
560,Yoan Moncada is a ->, baseball player.
561,Didier Drogba is a ->, soccer player.
562,John Carlson is a ->, hockey player.
563,Clint Capela is a ->, basketball player.
564,Juan Soto is a ->, baseball player.
565,Robin Lehner is a ->, hockey player.
566,Kevin Durant is a ->, basketball player.
567,Jesus Luzardo is a ->, baseball player.
568,Mecole Hardman is a ->, football player.
569,Brandon Woodruff is a ->, baseball player.
570,Nikola Jokic is a ->, basketball player.
571,Neymar is a ->, soccer player.
572,Manny Machado is a ->, baseball player.
573,Nick Castellanos is a ->, baseball player.
574,Tom Wilson is a ->, hockey player.
575,Ezequiel Lavezzi is a ->, soccer player.
576,Ryan Nugent-Hopkins is a ->, hockey player.
577,Mason Plumlee is a ->, basketball player.
578,David Silva is a ->, soccer player.
579,Khyri Thomas is a ->, basketball player.
580,Jordan Binnington is a ->, hockey player.
581,Carter Hart is a ->, hockey player.
582,Blake Snell is a ->, baseball player.
583,Jack Flaherty is a ->, baseball player.
584,Terry McLaurin is a ->, football player.
585,Blake Wheeler is a ->, hockey player.
586,Jakub Vrana is a ->, hockey player.
587,Brent Burns is a ->, hockey player.
588,David Villa is a ->, soccer player.
589,Marco Reus is a ->, soccer player.
590,Aleksander Barkov is a ->, hockey player.
591,Shinji Kagawa is a ->, soccer player.
592,Mika Zibanejad is a ->, hockey player.
593,Joe Ingles is a ->, basketball player.
594,Javi Martinez is a ->, soccer player.
595,Xavi is a ->, soccer player.
596,Bastian Schweinsteiger is a ->, soccer player.
597,Chris Boucher is a ->, basketball player.
598,Josh Hader is a ->, baseball player.
599,Devin Booker is a ->, basketball player.
600,Christian Yelich is a ->, baseball player.
601,Philip Rivers is a ->, baseball player.
602,Nikola Jokic is a ->, basketball player.
603,Kendrick Nunn is a ->, basketball player.
604,Joao Moutinho is a ->, soccer player.
605,Karl-Anthony Towns is a ->, basketball player.
606,Julio Jones is a ->, football player.
607,Jacob deGrom is a ->, baseball player.
608,Sean Couturier is a ->, hockey player.
609,Zion Williamson is a ->, basketball player.
610,Marcelo is a ->, soccer player.
611,Mike Trout is a ->, baseball player.
612,Will Fuller is a ->, football player.
613,Cam Newton is a ->, football player.
614,Mario Balotelli is a ->, soccer player.
615,Caris LeVert is a ->, basketball player.
616,Whit Merrifield is a ->, baseball player.
617,Lionel Messi is a ->, soccer player.
618,Donovan Mitchell is a ->, basketball player.
619,Nick Foles is a ->, American football player.
620,Joe Hart is a ->, soccer player.
621,Jonathan Marchessault is a ->, hockey player.
622,Juan Mata is a ->, soccer player.
623,Zlatan Ibrahimovic is a ->, soccer player.
624,Sergio Busquets is a ->, soccer player.
625,Deandre Ayton is a ->, basketball player.
626,Yu Darvish is a ->, baseball player.
627,Igor Shesterkin is a ->, hockey player.
628,Cesc Fabregas is a ->, soccer player.
629,Amari Cooper is a ->, football player.
630,Joe Hart is a ->, soccer player.
631,Igor Shesterkin is a ->, hockey player.
632,Pedro is a ->, soccer player.
633,Vladimir Guerrero Jr. is a ->, baseball player.
634,Francisco Lindor is a ->, baseball player.
635,Jimmy Garoppolo is a ->, football player.
636,J.T. Miller is a ->, hockey player.
637,Patrik Laine is a ->, hockey player.
638,Alex Pietrangelo is a ->, hockey player.
639,Cavan Biggio is a ->, baseball player.
640,Nick Castellanos is a ->, baseball player.
641,LaMelo Ball is a ->, basketball player.
642,Franmil Reyes is a ->, baseball player.
643,Philip Rivers is a ->, football player.
644,Thiago Silva is a ->, soccer player.
645,Sam Darnold is a ->, American football player.
646,Carter Hart is a ->, hockey player.
647,Robert Woods is a ->, football player.
648,Yu Darvish is a ->, baseball player.
649,Mark Stone is a ->, hockey player.
650,Jayson Tatum is a ->, basketball player.
651,Robert Lewandowski is a ->, soccer player.
652,Juan Mata is a ->, soccer player.
653,Kevin Durant is a ->, basketball player.
654,Whit Merrifield is a ->, baseball player.
655,Sebastian Aho is a ->, hockey player.
656,Mike Evans is a ->, football player.
657,Zach Plesac is a ->, baseball player.
658,Delon Wright is a ->, basketball player.
659,Evan Fournier is a ->, basketball player.
660,Jarvis Landry is a ->, football player.
661,Angel Di Maria is a ->, soccer player.
662,Brandin Cooks is a ->, football player.
663,David Pastrnak is a ->, hockey player.
664,DK Metcalf is a ->, football player.
665,Jerry Jeudy is a ->, football player.
666,Claude Giroux is a ->, hockey player.
667,Adam Thielen is a ->, football player.
668,David Silva is a ->, soccer player.
669,Ramires is a ->, soccer player.
670,Stephan El Shaarawy is a ->, soccer player.
671,Nick Castellanos is a ->, baseball player.
672,Petr Cech is a ->, soccer player.
673,Sterling Shepard is a ->, football player.
674,Thomas Muller is a ->, soccer player.
675,Fred VanVleet is a ->, soccer player.
676,Zach LaVine is a ->, baseball player.
677,Calvin Ridley is a ->, football player.
678,Jarrett Allen is a ->, basketball player.
679,Anthony Davis is a ->, basketball player.
680,DeMar DeRozan is a ->, basketball player.
681,Clint Capela is a ->, basketball player.
682,Leon Draisaitl is a ->, hockey player.
683,Mario Balotelli is a ->, soccer player.
684,Javier Zanetti is a ->, soccer player.
685,Thomas Muller is a ->, soccer player.
686,Terry McLaurin is a ->, football player.
687,Sebastian Aho is a ->, hockey player.
688,Iker Casillas is a ->, soccer player.
689,Sean Monahan is a ->, hockey player.
690,Ben Simmons is a ->, basketball player.
691,Mike Trout is a ->, baseball player.
692,Jared Goff is a ->, American football player.
693,J.T. Realmuto is a ->, baseball player.
694,Stephen Strasburg is a ->, baseball player.
695,Teddy Bridgewater is a ->, football player.
696,Brandin Cooks is a ->, football player.
697,Myles Turner is a ->, basketball player.
698,Didier Drogba is a ->, soccer player.
699,Aaron Rodgers is a ->, football player.
700,Jarvis Landry is a ->, football player.
701,Mookie Betts is a ->, baseball player.
702,Gordon Hayward is a ->, basketball player.
703,Brandon Woodruff is a ->, baseball player.
704,Draymond Green is a ->, basketball player.
705,Eugenio Suarez is a ->, baseball player.
706,Mike Moustakas is a ->, baseball player.
707,Anders Lee is a ->, hockey player.
708,Yordan Alvarez is a ->, baseball player.
709,Pierre-Luc Dubois is a ->, hockey player.
710,Arjen Robben is a ->, soccer player.
711,Kevin Durant is a ->, basketball player.
712,James Harden is a ->, basketball player.
713,Mario Gomez is a ->, soccer player.
714,Brandon Woodruff is a ->, baseball player.
715,Marvin Jones is a ->, football player.
716,Drew Brees is a ->, American football player.
717,Mike Trout is a ->, baseball player.
718,Jack Flaherty is a ->, baseball player.
719,Gareth Bale is a ->, soccer player.
720,Kailer Yamamoto is a ->, hockey player.
721,Cale Makar is a ->, hockey player.
722,Ryan Tannehill is a ->, American football player.
723,Pierre-Luc Dubois is a ->, hockey player.
724,Xander Bogaerts is a ->, baseball player.
725,Fernando Tatis Jr. is a ->, baseball player.
726,Alex Bregman is a ->, baseball player.
727,Stephen Curry is a ->, basketball player.
728,Jack Flaherty is a ->, baseball player.
729,Jesus Luzardo is a ->, baseball player.
730,Mike Moustakas is a ->, baseball player.
731,Derek Carr is a ->, American football player.
732,Teddy Bridgewater is a ->, football player.
733,Fernandinho is a ->, soccer player.
734,Will Fuller is a ->, football player.
735,Javier Zanetti is a ->, soccer player.
736,Aaron Rodgers is a ->, American football player.
737,Carlos Correa is a ->, baseball player.
738,John Tavares is a ->, hockey player.
739,Bam Adebayo is a ->, basketball player.
740,Pierre-Luc Dubois is a ->, hockey player.
741,Mario Gomez is a ->, soccer player.
742,Mesut Ozil is a ->, soccer player.
743,Cavan Biggio is a ->, baseball player.
744,Nazem Kadri is a ->, hockey player.
745,Calvin Ridley is a ->, football player.
746,Wesley Sneijder is a ->, soccer player.
747,George Springer is a ->, baseball player.
748,Tyler Lockett is a ->, football player.
749,Edinson Cavani is a ->, soccer player.
750,Fernandinho is a ->, soccer player.
751,Victor Wanyama is a ->, soccer player.
752,Leon Draisaitl is a ->, hockey player.
753,Zach LaVine is a ->, basketball player.
754,Kyle Tucker is a ->, baseball player.
755,Juan Mata is a ->, soccer player.
756,Marquise Brown is a ->, football player.
757,Kris Letang is a ->, hockey player.
758,Brad Hand is a ->, baseball player.
759,Xander Bogaerts is a ->, baseball player.
760,Mike Trout is a ->, baseball player.
761,Ashley Cole is a ->, soccer player.
762,Frederik Andersen is a ->, hockey player.
763,Mario Gomez is a ->, soccer player.
764,Tuukka Rask is a ->, hockey player.
765,Anthony Davis is a ->, basketball player.
766,Connor Hellebuyck is a ->, hockey player.
767,Domantas Sabonis is a ->, basketball player.
768,Sonny Gray is a ->, baseball player.
769,Marquise Brown is a ->, football player.
770,Luke Voit is a ->, baseball player.
771,Joao Moutinho is a ->, soccer player.
772,Javier Mascherano is a ->, soccer player.
773,Andrei Svechnikov is a ->, hockey player.
774,Bryce Harper is a ->, baseball player.
775,John Carlson is a ->, hockey player.
776,Jonathan Marchessault is a ->, hockey player.
777,Javi Martinez is a ->, soccer player.
778,Max Scherzer is a ->, baseball player.
779,Juan Soto is a ->, baseball player.
780,Xavi is a ->, soccer player.
781,Klaas Jan Huntelaar is a ->, soccer player.
782,Willian is a ->, soccer player.
783,Aleksander Barkov is a ->, hockey player.
784,Jared Goff is a ->, American football player.
785,Marcell Ozuna is a ->, baseball player.
786,Adam Thielen is a ->, football player.
787,Giannis Antetokounmpo is a ->, basketball player.
788,Deandre Ayton is a ->, basketball player.
789,Sebastian Aho is a ->, hockey player.
790,Edinson Cavani is a ->, soccer player.
791,Kris Bryant is a ->, baseball player.
792,Blake Wheeler is a ->, hockey player.
793,Zach LaVine is a ->, basketball player.
794,Bastian Schweinsteiger is a ->, soccer player.
795,Russell Westbrook is a ->, basketball player.
796,Aleksander Barkov is a ->, hockey player.
797,CJ McCollum is a ->, basketball player.
798,Jacob deGrom is a ->, baseball player.
799,Jakub Vrana is a ->, hockey player.
800,Chris Kreider is a ->, hockey player.
801,Carson Wentz is a ->,n American football player.
802,Kyle Connor is a ->, hockey player.
803,Francisco Lindor is a ->, baseball player.
804,Blake Wheeler is a ->, hockey player.
805,Oscar is a ->, basketball player.
806,Teuvo Teravainen is a ->, hockey player.
807,Jonas Valanciunas is a ->, basketball player.
808,Carlos Correa is a ->, baseball player.
809,Patrice Bergeron is a ->, hockey player.
810,Dwayne Haskins is a ->, American football player.
811,Marquise Brown is a ->, football player.
812,Jacob Markstrom is a ->, hockey player.
813,Tyreek Hill is a ->, football player.
814,Mathieu Valbuena is a ->, soccer player.
815,Javier Zanetti is a ->, soccer player.
816,Being safe at first is part of ->, baseball.
817,Scoring a freekick in is part of ->, soccer.
818,Scoring a touchdown is part of ->, football.
819,Skating behind the net is part of ->, hockey.
820,Flying out to center is part of ->, baseball.
821,Slant pass is part of ->, football.
822,Beating the shot clock is part of ->, basketball.
823,Working a full count is part of ->, baseball.
824,Hitting a triple is part of ->, basketball.
825,Shooting from the six yard line is part of ->, football.
826,Taking a left footed shot is part of ->, soccer.
827,Striking out the side is part of ->, baseball.
828,Catching the back shoulder fade is part of ->, football.
829,Changing direction in the backfield is part of ->, football.
830,Taking a backhand shot in the Stanley Cup is part of ->, hockey.
831,Bricking the three pointer is part of ->, basketball.
832,Taking the snap is part of ->, football.
833,Screen pass is part of ->, hockey.
834,Going one for two from the line is part of ->, basketball.
835,Taking a backhand shot in is part of ->, hockey.
836,Shooting the puck is part of ->, hockey.
837,Going in studs up is part of ->, soccer.
838,Three second violations are part of ->, basketball.
839,Champions League is part of ->, soccer.
840,Being safe at home is part of ->, baseball.
841,Being called for the goal tend is part of ->, basketball.
842,Hitting the slant pass in is part of ->, football.
843,Scoring a freekick is part of ->, soccer.
844,Doing a maradona on the defender is part of ->, soccer.
845,Committing a three second violation is part of ->, basketball.
846,Getting on the end of a through ball is part of ->, soccer.
847,Getting a base hit is part of ->, baseball.
848,Icing is part of ->, hockey.
849,Setting the hard screen is part of ->, basketball.
850,Banking the shot in is part of ->, basketball.
851,Taking a left footed shot in is part of ->, soccer.
852,Studs up is part of ->, football.
853,Screen pass is part of ->, American football.
854,Throwing a touchdown is part of ->, football.
855,Going five hole is part of ->, hockey.
856,Backhanding a shot in is part of ->, hockey.
857,Scoring a windmill dunk in is part of ->, basketball.
858,Being called for icing is part of ->, hockey.
859,Shooting with the left foot is part of ->, soccer.
860,Scoring a windmill dunk is part of ->, basketball.
861,Spending time in the penalty box is part of ->, hockey.
862,Scoring a corner kick is part of ->, soccer.
863,Goal tending is part of ->, basketball.
864,Scoring a bicycle kick in is part of ->, soccer.
865,Entering the attacking zone is part of ->, hockey.
866,Walking to first base is part of ->, baseball.
867,Taking a corner three is part of ->, basketball.
868,Scoring a corner kick in is part of ->, soccer.
869,Maradona'd is part of ->, soccer.
870,Banking the shot in is part of ->, hockey.
871,Drawing a flag on the play is part of ->, football.
872,Backhanding a shot is part of ->, hockey.
873,Committing an offensive foul is part of ->, basketball.
874,Driving into the restricted area is part of ->, basketball.
875,Performing a slide tackle is part of ->, soccer.
876,Safe at home is part of ->, baseball.
877,Give and go is part of ->, basketball.
878,Taking to the ice is part of ->, hockey.
879,Being out at third is part of ->, baseball.
880,Being perfect from the line is part of ->, basketball.
881,Hitting the back shoulder fade is part of ->, football.
882,Committing a blocking foul is part of ->, basketball.
883,Killing the powerplay is part of ->, hockey.
884,Taking a throw in is part of ->, soccer.
885,Hail mary is part of ->, football.
886,Hitting into a double play is part of ->, baseball.
887,Going for it on fourth down is part of ->, American football.
888,Hitting nothing but net is part of ->, basketball.
889,Gaining five yards is part of ->, football.
890,Studs up is part of ->, soccer.
891,Beating the buzzer is part of ->, basketball.
892,Earning a red card is part of ->, soccer.
893,Hitting a walkoff homer is part of ->, baseball.
894,Going five hole in the Stanley Cup is part of ->, hockey.
895,Slant pass is part of ->, American football.
896,Hitting a double is part of ->, baseball.
897,Catching the screen pass is part of ->, football.
898,Scoring in the third period is part of ->, hockey.
899,Doing a double stepover is part of ->, soccer.
900,Scoring the easy layup is part of ->, basketball.
901,Hitting the back shoulder fade in is part of ->, football.
902,Out at third is part of ->, baseball.
903,Eurostepping is part of ->, basketball.
904,Passing the puck is part of ->, hockey.
905,Getting into the endzone is part of ->, football.
906,Taking ball four is part of ->, baseball.
907,Blocking foul is part of ->, basketball.
908,Being out at second is part of ->, baseball.
909,Earning a yellow card is part of ->, soccer.
910,Eurostepping to the basket is part of ->, basketball.
911,Being caught offsides is part of ->, soccer.
912,Handball is part of ->, soccer.
913,Earning an indirect kick in is part of ->, soccer.
914,Taking the snap in is part of ->, football.
915,Taking a charge is part of ->, hockey.
916,Driving into the paint is part of ->, basketball.
917,Scoring a bicycle kick is part of ->, soccer.
918,Beating the buzzer in the NBA Championship is part of ->, basketball.
919,Watching the pitch go by is part of ->, baseball.
920,Converting the first down is part of ->, American football.
921,Converting the double play is part of ->, baseball.
922,Throwing to first base is part of ->, baseball.
923,The American League Championship Series is part of ->, baseball.
924,Scoring in the shootout is part of ->, hockey.
925,Nutmegging the defender is part of ->, soccer.
926,Earning a direct kick is part of ->, soccer.
927,Dunking the ball is part of ->, basketball.
928,Scoring a freekick in the World Cup is part of ->, soccer.
929,Crossing the blue line is part of ->, hockey.
930,Being out at first is part of ->, baseball.
931,Launching a triple is part of ->, basketball.
932,Committing a handball is part of ->, soccer.
933,Safe at first is part of ->, baseball.
934,Earning an indirect kick is part of ->, soccer.
935,Heading back to the dugout is part of ->, baseball.
936,Hitting the buzzer beater is part of ->, basketball.
937,Performing a cruyff turn is part of ->, soccer.
938,Being flagged on the play is part of ->, football.
939,Hitting the back of the rim is part of ->, basketball.
940,Pick and roll is part of ->, basketball.
941,Stepping on first base is part of ->, baseball.
942,Fumbling the ball is part of ->, football.
943,Scoring in added time is part of ->, soccer.
944,Scoring a penalty kick is part of ->, soccer.
945,Being out at home is part of ->, baseball.
946,Hitting the wheel route is part of ->, football.
947,Swinging to protect the runner is part of ->, baseball.
948,Grounding out to second base is part of ->, baseball.
949,Scoring a reverse dunk is part of ->, basketball.
950,Scoring in extra time is part of ->, soccer.
951,Being caught in a rundown is part of ->, baseball.
952,Hitting a triple is part of ->, baseball.
953,Taking a long two is part of ->, basketball.
954,Taking the snap is part of ->, American football.
955,Scoring a bicycle kick in the Champions League Final is part of ->, soccer.
956,Getting on base is part of ->, baseball.
957,Taking a corner kick is part of ->, soccer.
958,Screen pass is part of ->, football.
959,Skating backwards is part of ->, hockey.
960,Taking a three is part of ->, basketball.
961,Going for it on fourth down is part of ->, football.
962,Shooting from outside the eighteen is part of ->, soccer.
963,Wristing a shot is part of ->, hockey.
964,Taking a backhand shot is part of ->, hockey.
965,Being called for slashing is part of ->, hockey.
966,Taking an elbow jumper is part of ->, basketball.
967,Shooting from beyond the arc is part of ->, basketball.
968,Launching a hail mary is part of ->, football.
969,Running out of bounds is part of ->, football.
970,Launching the half court shot in is part of ->, basketball.
971,Taking a turnaround jumper is part of ->, basketball.
972,Pitching a shutout is part of ->, baseball.
973,Walking on ball four is part of ->, baseball.
974,Throw in is part of ->, soccer.
975,Calling for the screen is part of ->, basketball.
976,Launching a half court shot in is part of ->, basketball.
977,Scoring a bicycle kick in the FA Cup is part of ->, soccer.
978,Taking a side-step three is part of ->, basketball.
979,Scoring a reverse layup is part of ->, basketball.
980,Pitching a complete game is part of ->, baseball.
981,Taking a charge is part of ->, basketball.
982,Striking out is part of ->, baseball.
983,Passing the puck in is part of ->, hockey.
984,Launching the desperation heave is part of ->, basketball.
985,Earning a trip to the penalty box is part of ->, hockey.
986,Losing control of the puck is part of ->, hockey.
987,Scoring on the power play is part of ->, hockey.
988,Airballing the shot is part of ->, basketball.
989,Taking a heat check three is part of ->, basketball.
990,Performing a give and go is part of ->, soccer.
991,Converting the first down is part of ->, football.
992,Scoring a header goal is part of ->, soccer.
993,Hitting a homerun is part of ->, baseball.
994,Shooting a free throw is part of ->, basketball.
995,Hitting a single is part of ->, baseball.
996,Setting the hard screen in is part of ->, basketball.
997,"Q: Is the following sentence plausible? ""Henrikh Mkhitaryan converted the first down.""
A: The answer is ->", no.
998,"Q: Is the following sentence plausible? ""Leon Draisaitl shot the puck.""
A: The answer is ->", yes.
999,"Q: Is the following sentence plausible? ""Karim Benzema pitched a complete game.""
A: The answer is ->", no.
1000,"Q: Is the following sentence plausible? ""Mathew Barzal backhanded a shot.""
A: The answer is ->", yes.
1001,"Q: Is the following sentence plausible? ""Juan Mata walked on ball four.""
A: The answer is ->", no.
1002,"Q: Is the following sentence plausible? ""Alex Pietrangelo took a backhand shot.""
A: The answer is ->", yes.
1003,"Q: Is the following sentence plausible? ""Mookie Betts earned a direct kick.""
A: The answer is ->", no.
1004,"Q: Is the following sentence plausible? ""Jakub Vrana skated backwards.""
A: The answer is ->", yes.
1005,"Q: Is the following sentence plausible? ""Nikola Jokic threw a touchdown in the AFC championship.""
A: The answer is ->", no.
1006,"Q: Is the following sentence plausible? ""Collin Sexton nutmegged the defender.""
A: The answer is ->", no.
1007,"Q: Is the following sentence plausible? ""Russell Westbrook scored on the power play.""
A: The answer is ->", no.
1008,"Q: Is the following sentence plausible? ""Marcus Smart took a heat check three.""
A: The answer is ->", yes.
1009,"Q: Is the following sentence plausible? ""Joao Moutinho scored a freekick in the World Cup.""
A: The answer is ->", yes.
1010,"Q: Is the following sentence plausible? ""Jonathan Toews scored a bicycle kick in the FA Cup.""
A: The answer is ->", no.
1011,"Q: Is the following sentence plausible? ""Luke Voit hit a single.""
A: The answer is ->", yes.
1012,"Q: Is the following sentence plausible? ""Gareth Bale stepped on first base.""
A: The answer is ->", no.
1013,"Q: Is the following sentence plausible? ""Max Scherzer converted the first down.""
A: The answer is ->", no.
1014,"Q: Is the following sentence plausible? ""Claude Giroux stepped on first base.""
A: The answer is ->", no.
1015,"Q: Is the following sentence plausible? ""James Harden scored in added time in the FA Cup.""
A: The answer is ->", no.
1016,"Q: Is the following sentence plausible? ""Jakub Vrana hit a walkoff homer.""
A: The answer is ->", no.
1017,"Q: Is the following sentence plausible? ""Jonathan Marchessault skated backwards.""
A: The answer is ->", yes.
1018,"Q: Is the following sentence plausible? ""Paul Goldschmidt threw a touchdown.""
A: The answer is ->", no.
1019,"Q: Is the following sentence plausible? ""Tobias Harris fumbled the ball in the NFC divisional round.""
A: The answer is ->", no.
1020,"Q: Is the following sentence plausible? ""Deshaun Watson took a corner kick.""
A: The answer is ->", no.
1021,"Q: Is the following sentence plausible? ""Whit Merrifield was caught in a rundown.""
A: The answer is ->", yes.
1022,"Q: Is the following sentence plausible? ""Kyle Connor eurostepped to the basket in the Western Conference Finals.""
A: The answer is ->", no.
1023,"Q: Is the following sentence plausible? ""Darijo Srna got on the end of a through ball.""
A: The answer is ->", yes.
1024,"Q: Is the following sentence plausible? ""David Luiz earned a direct kick.""
A: The answer is ->", yes.
1025,"Q: Is the following sentence plausible? ""Javier Zanetti earned a direct kick.""
A: The answer is ->", yes.
1026,"Q: Is the following sentence plausible? ""Ketel Marte got into the endzone.""
A: The answer is ->", no.
1027,"Q: Is the following sentence plausible? ""Cavan Biggio hit a walkoff homer.""
A: The answer is ->", yes.
1028,"Q: Is the following sentence plausible? ""Toni Kroos scored a header goal.""
A: The answer is ->", yes.
1029,"Q: Is the following sentence plausible? ""Ramires lost control of the puck.""
A: The answer is ->", no.
1030,"Q: Is the following sentence plausible? ""Kyle Palmieri did a double stepover.""
A: The answer is ->", no.
1031,"Q: Is the following sentence plausible? ""Kawhi Leonard took a turnaround jumper.""
A: The answer is ->", yes.
1032,"Q: Is the following sentence plausible? ""Oscar took the snap.""
A: The answer is ->", no.
1033,"Q: Is the following sentence plausible? ""Dejounte Murray hit the back of the rim.""
A: The answer is ->", yes.
1034,"Q: Is the following sentence plausible? ""Juan Soto flew out to center.""
A: The answer is ->", yes.
1035,"Q: Is the following sentence plausible? ""A.J. Green hit the back shoulder fade in the Superbowl.""
A: The answer is ->", yes.
1036,"Q: Is the following sentence plausible? ""Philip Rivers drove into the restricted area.""
A: The answer is ->", no.
1037,"Q: Is the following sentence plausible? ""Karl-Anthony Towns did a double stepover.""
A: The answer is ->", no.
1038,"Q: Is the following sentence plausible? ""Stephen Strasburg hit a triple.""
A: The answer is ->", yes.
1039,"Q: Is the following sentence plausible? ""Thomas Muller shot from outside the eighteen.""
A: The answer is ->", yes.
1040,"Q: Is the following sentence plausible? ""Jesus Luzardo was out at third.""
A: The answer is ->", yes.
1041,"Q: Is the following sentence plausible? ""Marquise Brown did a maradona on the defender.""
A: The answer is ->", no.
1042,"Q: Is the following sentence plausible? ""Klaas Jan Huntelaar scored the easy layup.""
A: The answer is ->", no.
1043,"Q: Is the following sentence plausible? ""Clint Capela drew a flag on the play.""
A: The answer is ->", no.
1044,"Q: Is the following sentence plausible? ""Walker Buehler was out at third.""
A: The answer is ->", yes.
1045,"Q: Is the following sentence plausible? ""Zach LaVine\xc2\xa0 hit a double.""
A: The answer is ->", no.
1046,"Q: Is the following sentence plausible? ""Terry Rozier\xc2\xa0 shot a free throw.""
A: The answer is ->", yes.
1047,"Q: Is the following sentence plausible? ""Julio Jones entered the attacking zone.""
A: The answer is ->", no.
1048,"Q: Is the following sentence plausible? ""Kevin Durant scored a penalty kick.""
A: The answer is ->", no.
1049,"Q: Is the following sentence plausible? ""John Carlson backhanded a shot in the Stanley Cup.""
A: The answer is ->", yes.
1050,"Q: Is the following sentence plausible? ""Blake Snell hit a single.""
A: The answer is ->", yes.
1051,"Q: Is the following sentence plausible? ""Gerrit Cole committed a handball in the European Cup.""
A: The answer is ->", no.
1052,"Q: Is the following sentence plausible? ""Gerrit Cole set the hard screen.""
A: The answer is ->", no.
1053,"Q: Is the following sentence plausible? ""Pedro scored a corner kick in the European Cup.""
A: The answer is ->", yes.
1054,"Q: Is the following sentence plausible? ""Henry Ruggs launched a hail mary in the NFC championship.""
A: The answer is ->", yes.
1055,"Q: Is the following sentence plausible? ""Deshaun Watson was called for the goal tend in the Eastern Conference Finals.""
A: The answer is ->", no.
1056,"Q: Is the following sentence plausible? ""Gordon Hayward launched the desperation heave.""
A: The answer is ->", yes.
1057,"Q: Is the following sentence plausible? ""Hyun Jin Ryu beat the shot clock.""
A: The answer is ->", no.
1058,"Q: Is the following sentence plausible? ""De\'Aaron Fox scored a bicycle kick.""
A: The answer is ->", no.
1059,"Q: Is the following sentence plausible? ""Caris LeVert scored the easy layup.""
A: The answer is ->", yes.
1060,"Q: Is the following sentence plausible? ""Bam Adebayo scored a reverse layup in the Western Conference Finals.""
A: The answer is ->", yes.
1061,"Q: Is the following sentence plausible? ""J.T. Realmuto walked to first base.""
A: The answer is ->", yes.
1062,"Q: Is the following sentence plausible? ""Luka Doncic\xc2\xa0 committed a three second violation.""
A: The answer is ->", yes.
1063,"Q: Is the following sentence plausible? ""Dwayne Haskins went for it on fourth down.""
A: The answer is ->", yes.
1064,"Q: Is the following sentence plausible? ""Ryan Nugent-Hopkins spent time in the penalty box.""
A: The answer is ->", yes.
1065,"Q: Is the following sentence plausible? ""Nemanja Vidic was safe at home.""
A: The answer is ->", no.
1066,"Q: Is the following sentence plausible? ""Shai Gilgeous-Alexander comitted a three second violation.""
A: The answer is ->", yes.
1067,"Q: Is the following sentence plausible? ""Aaron Nola scored a header goal.""
A: The answer is ->", no.
1068,"Q: Is the following sentence plausible? ""Ben Roethlisberger took a backhand shot.""
A: The answer is ->", no.
1069,"Q: Is the following sentence plausible? ""Rhys Hoskins hit a double in the American League Championship Series.""
A: The answer is ->", yes.
1070,"Q: Is the following sentence plausible? ""Gleyber Torres walked to first base in the National League Championship Series.""
A: The answer is ->", yes.
1071,"Q: Is the following sentence plausible? ""Ben Roethlisberger lost control of the puck.""
A: The answer is ->", no.
1072,"Q: Is the following sentence plausible? ""Igor Shesterkin launched a hail mary.""
A: The answer is ->", no.
1073,"Q: Is the following sentence plausible? ""Mathieu Valbuena scored a windmill dunk in the Western Conference Finals.""
A: The answer is ->", no.
1074,"Q: Is the following sentence plausible? ""Jarrett Allen pitched a complete game in the National League Championship Series.""
A: The answer is ->", no.
1075,"Q: Is the following sentence plausible? ""Norman Powell committed a blocking foul.""
A: The answer is ->", yes.
1076,"Q: Is the following sentence plausible? ""Will Fuller was perfect from the line.""
A: The answer is ->", no.
1077,"Q: Is the following sentence plausible? ""Collin Sexton hit the buzzer beater.""
A: The answer is ->", yes.
1078,"Q: Is the following sentence plausible? ""Will Fuller caught the back shoulder fade in the NFC championship.""
A: The answer is ->", yes.
1079,"Q: Is the following sentence plausible? ""Claude Giroux went five hole.""
A: The answer is ->", yes.
1080,"Q: Is the following sentence plausible? ""Gordon Hayward was flagged on the play.""
A: The answer is ->", no.
1081,"Q: Is the following sentence plausible? ""Mike Trout was out at first.""
A: The answer is ->", yes.
1082,"Q: Is the following sentence plausible? ""Jarvis Landry gained five yards.""
A: The answer is ->", yes.
1083,"Q: Is the following sentence plausible? ""Devin Booker took a turnaround jumper.""
A: The answer is ->", yes.
1084,"Q: Is the following sentence plausible? ""Javi Martinez scored in the shootout.""
A: The answer is ->", no.
1085,"Q: Is the following sentence plausible? ""Brandin Cooks went for it on fourth down.""
A: The answer is ->", yes.
1086,"Q: Is the following sentence plausible? ""Marco Reus backhanded a shot.""
A: The answer is ->", no.
1087,"Q: Is the following sentence plausible? ""Joe Hart went for it on fourth down.""
A: The answer is ->", no.
1088,"Q: Is the following sentence plausible? ""Franck Ribery converted the first down.""
A: The answer is ->", no.
1089,"Q: Is the following sentence plausible? ""Patrice Bergeron took a backhand shot.""
A: The answer is ->", yes.
1090,"Q: Is the following sentence plausible? ""Leon Draisaitl converted the first down.""
A: The answer is ->", no.
1091,"Q: Is the following sentence plausible? ""Marcelo got on the end of a through ball.""
A: The answer is ->", yes.
1092,"Q: Is the following sentence plausible? ""Walker Buehler earned a trip to the penalty box.""
A: The answer is ->", no.
1093,"Q: Is the following sentence plausible? ""Luka Doncic\xc2\xa0 hit nothing but net.""
A: The answer is ->", yes.
1094,"Q: Is the following sentence plausible? ""Pierre-Luc Dubois passed the puck.""
A: The answer is ->", yes.
1095,"Q: Is the following sentence plausible? ""Miles Bridges worked a full count.""
A: The answer is ->", no.
1096,"Q: Is the following sentence plausible? ""Clayton Kershaw launched a hail mary.""
A: The answer is ->", no.
1097,"Q: Is the following sentence plausible? ""Jayson Tatum was called for the goal tend.""
A: The answer is ->", yes.
1098,"Q: Is the following sentence plausible? ""Miro Heiskanen was called for slashing.""
A: The answer is ->", yes.
1099,"Q: Is the following sentence plausible? ""Claude Giroux was called for icing.""
A: The answer is ->", yes.
1100,"Q: Is the following sentence plausible? ""Nerlens Noel was out at home.""
A: The answer is ->", no.
1101,"Q: Is the following sentence plausible? ""Mikko Rantanen entered the attacking zone.""
A: The answer is ->", yes.
1102,"Q: Is the following sentence plausible? ""Carlos Tevez fumbled the ball.""
A: The answer is ->", no.
1103,"Q: Is the following sentence plausible? ""John Tavares skated behind the net.""
A: The answer is ->", yes.
1104,"Q: Is the following sentence plausible? ""Jacob deGrom hit a triple.""
A: The answer is ->", yes.
1105,"Q: Is the following sentence plausible? ""Ashley Cole was caught offsides.""
A: The answer is ->", yes.
1106,"Q: Is the following sentence plausible? ""Marcell Ozuna scored a touchdown.""
A: The answer is ->", no.
1107,"Q: Is the following sentence plausible? ""Iker Casillas got into the endzone in the AFC divisional round.""
A: The answer is ->", no.
1108,"Q: Is the following sentence plausible? ""Joao Moutinho scored a freekick.""
A: The answer is ->", yes.
1109,"Q: Is the following sentence plausible? ""Anthony Davis scored the easy layup in the Western Conference Finals.""
A: The answer is ->", yes.
1110,"Q: Is the following sentence plausible? ""Terry McLaurin beat the buzzer.""
A: The answer is ->", no.
1111,"Q: Is the following sentence plausible? ""Klaas Jan Huntelaar dunked the ball.""
A: The answer is ->", no.
1112,"Q: Is the following sentence plausible? ""Didier Drogba gained five yards.""
A: The answer is ->", no.
1113,"Q: Is the following sentence plausible? ""Brandon Woodruff hit a single.""
A: The answer is ->", yes.
1114,"Q: Is the following sentence plausible? ""James Harden was called for the goal tend.""
A: The answer is ->", yes.
1115,"Q: Is the following sentence plausible? ""Evander Kane threw a touchdown.""
A: The answer is ->", no.
1116,"Q: Is the following sentence plausible? ""Gerard Pique watched the pitch go by in the National League Championship Series.""
A: The answer is ->", no.
1117,"Q: Is the following sentence plausible? ""Terry McLaurin committed a blocking foul in the Eastern Conference Finals.""
A: The answer is ->", no.
1118,"Q: Is the following sentence plausible? ""Mark Stone took to the ice.""
A: The answer is ->", yes.
1119,"Q: Is the following sentence plausible? ""Kailer Yamamoto caught the back shoulder fade.""
A: The answer is ->", no.
1120,"Q: Is the following sentence plausible? ""Didier Drogba got into the endzone.""
A: The answer is ->", no.
1121,"Q: Is the following sentence plausible? ""Cale Makar earned a trip to the penalty box.""
A: The answer is ->", yes.
1122,"Q: Is the following sentence plausible? ""Fred VanVleet took to the ice.""
A: The answer is ->", no.
1123,"Q: Is the following sentence plausible? ""Bryce Harper hit a double in the American League Championship Series.""
A: The answer is ->", yes.
1124,"Q: Is the following sentence plausible? ""Khris Middleton scored a reverse dunk.""
A: The answer is ->", yes.
1125,"Q: Is the following sentence plausible? ""Tyler Lockett took the snap in the AFC championship.""
A: The answer is ->", yes.
1126,"Q: Is the following sentence plausible? ""Jonathan Marchessault went five hole.""
A: The answer is ->", yes.
1127,"Q: Is the following sentence plausible? ""Juan Soto took a long two.""
A: The answer is ->", no.
1128,"Q: Is the following sentence plausible? ""Dani Alves took the snap.""
A: The answer is ->", no.
1129,"Q: Is the following sentence plausible? ""Michael Porter Jr. was out at home.""
A: The answer is ->", no.
1130,"Q: Is the following sentence plausible? ""Golden Tate converted the first down.""
A: The answer is ->", yes.
1131,"Q: Is the following sentence plausible? ""Henrikh Mkhitaryan hit into a double play.""
A: The answer is ->", no.
1132,"Q: Is the following sentence plausible? ""Ezequiel Lavezzi hit the buzzer beater.""
A: The answer is ->", no.
1133,"Q: Is the following sentence plausible? ""Eden Hazard got a base hit.""
A: The answer is ->", no.
1134,"Q: Is the following sentence plausible? ""Keenan Allen went for it on fourth down.""
A: The answer is ->", yes.
1135,"Q: Is the following sentence plausible? ""Derek Carr fumbled the ball.""
A: The answer is ->", yes.
1136,"Q: Is the following sentence plausible? ""Brent Burns shot the puck.""
A: The answer is ->", yes.
1137,"Q: Is the following sentence plausible? ""Jesus Luzardo hit a double.""
A: The answer is ->", yes.
1138,"Q: Is the following sentence plausible? ""Nick Castellanos scored in extra time.""
A: The answer is ->", no.
1139,"Q: Is the following sentence plausible? ""Robin Lehner swung to protect the runner in the World Series.""
A: The answer is ->", no.
1140,"Q: Is the following sentence plausible? ""Jarrett Allen got on base.""
A: The answer is ->", no.
1141,"Q: Is the following sentence plausible? ""Igor Shesterkin wristed a shot.""
A: The answer is ->", yes.
1142,"Q: Is the following sentence plausible? ""Jared Goff fumbled the ball.""
A: The answer is ->", yes.
1143,"Q: Is the following sentence plausible? ""Radamel Falcao hit the screen pass.""
A: The answer is ->", no.
1144,"Q: Is the following sentence plausible? ""DeMar DeRozan was safe at first.""
A: The answer is ->", no.
1145,"Q: Is the following sentence plausible? ""J.T. Miller was called for slashing.""
A: The answer is ->", yes.
1146,"Q: Is the following sentence plausible? ""Pepe converted the first down.""
A: The answer is ->", no.
1147,"Q: Is the following sentence plausible? ""Kyle Anderson skated backwards.""
A: The answer is ->", no.
1148,"Q: Is the following sentence plausible? ""Patrick Kane backhanded a shot in the Stanley Cup.""
A: The answer is ->", yes.
1149,"Q: Is the following sentence plausible? ""Brent Burns drove into the paint.""
A: The answer is ->", no.
1150,"Q: Is the following sentence plausible? ""Sean Monahan scored in the third period.""
A: The answer is ->", yes.
1151,"Q: Is the following sentence plausible? ""Tyrese Haliburton airballed the shot.""
A: The answer is ->", yes.
1152,"Q: Is the following sentence plausible? ""Pierre-Luc Dubois launched a hail mary.""
A: The answer is ->", no.
1153,"Q: Is the following sentence plausible? ""Yu Darvish walked to first base.""
A: The answer is ->", yes.
1154,"Q: Is the following sentence plausible? ""Carlos Correa struck out the side.""
A: The answer is ->", yes.
1155,"Q: Is the following sentence plausible? ""Darius Garland\xc2\xa0 went one for two from the line.""
A: The answer is ->", yes.
1156,"Q: Is the following sentence plausible? ""Iker Casillas earned a direct kick.""
A: The answer is ->", yes.
1157,"Q: Is the following sentence plausible? ""Karim Benzema committed a blocking foul in the NBA Championship.""
A: The answer is ->", no.
1158,"Q: Is the following sentence plausible? ""Jose Ramirez hit into a double play in the National League Championship Series.""
A: The answer is ->", yes.
1159,"Q: Is the following sentence plausible? ""Mapou Yanga-M\'Biwa did a double stepover.""
A: The answer is ->", yes.
1160,"Q: Is the following sentence plausible? ""Adalberto Mondesi was safe at first.""
A: The answer is ->", yes.
1161,"Q: Is the following sentence plausible? ""Paulinho earned an indirect kick in the FA Cup.""
A: The answer is ->", yes.
1162,"Q: Is the following sentence plausible? ""Zach LaVine\xc2\xa0 committed a three second violation.""
A: The answer is ->", yes.
1163,"Q: Is the following sentence plausible? ""Bo Bichette threw to first base.""
A: The answer is ->", yes.
1164,"Q: Is the following sentence plausible? ""Carson Wentz took to the ice.""
A: The answer is ->", no.
1165,"Q: Is the following sentence plausible? ""Juan Soto hit the slant pass in the NFC divisional round.""
A: The answer is ->", no.
1166,"Q: Is the following sentence plausible? ""Juan Mata scored a corner kick in the FA Cup.""
A: The answer is ->", yes.
1167,"Q: Is the following sentence plausible? ""Rhys Hoskins scored a bicycle kick.""
A: The answer is ->", no.
1168,"Q: Is the following sentence plausible? ""Dani Alves grounded out to second base.""
A: The answer is ->", no.
1169,"Q: Is the following sentence plausible? ""DK Metcalf hit the wheel route.""
A: The answer is ->", yes.
1170,"Q: Is the following sentence plausible? ""Cooper Kupp launched the half court shot in the Western Conference Finals.""
A: The answer is ->", no.
1171,"Q: Is the following sentence plausible? ""Nick Foles changed direction in the backfield.""
A: The answer is ->", yes.
1172,"Q: Is the following sentence plausible? ""Kyle Tucker grounded out to second base in the World Series.""
A: The answer is ->", yes.
1173,"Q: Is the following sentence plausible? ""Carlos Correa threw to first base.""
A: The answer is ->", yes.
1174,"Q: Is the following sentence plausible? ""Tuukka Rask passed the puck.""
A: The answer is ->", yes.
1175,"Q: Is the following sentence plausible? ""James Karinchak worked a full count.""
A: The answer is ->", yes.
1176,"Q: Is the following sentence plausible? ""Nick Castellanos flew out to center.""
A: The answer is ->", yes.
1177,"Q: Is the following sentence plausible? ""Manny Machado hit into a double play.""
A: The answer is ->", yes.
1178,"Q: Is the following sentence plausible? ""Tyreek Hill caught the screen pass.""
A: The answer is ->", yes.
1179,"Q: Is the following sentence plausible? ""Cam Newton converted the first down.""
A: The answer is ->", yes.
1180,"Q: Is the following sentence plausible? ""Jonathan Huberdeau fumbled the ball.""
A: The answer is ->", no.
1181,"Q: Is the following sentence plausible? ""Teddy Bridgewater got into the endzone in the NFC championship.""
A: The answer is ->", yes.
1182,"Q: Is the following sentence plausible? ""Taylor Hall converted the double play.""
A: The answer is ->", no.
1183,"Q: Is the following sentence plausible? ""Marouane Fellaini struck out.""
A: The answer is ->", no.
1184,"Q: Is the following sentence plausible? ""Mathew Barzal banked the shot in in the NBA Championship.""
A: The answer is ->", no.
1185,"Q: Is the following sentence plausible? ""Javi Martinez launched the desperation heave.""
A: The answer is ->", no.
1186,"Q: Is the following sentence plausible? ""Sterling Shepard converted the first down.""
A: The answer is ->", yes.
1187,"Q: Is the following sentence plausible? ""LeBron James took a corner three.""
A: The answer is ->", yes.
1188,"Q: Is the following sentence plausible? ""Pierre-Emerick Aubameyang committed a handball.""
A: The answer is ->", yes.
1189,"Q: Is the following sentence plausible? ""Robert Lewandowski scored a reverse layup.""
A: The answer is ->", no.
1190,"Q: Is the following sentence plausible? ""Gordon Hayward comitted an offensive foul.""
A: The answer is ->", yes.
1191,"Q: Is the following sentence plausible? ""Mats Hummels earned a direct kick.""
A: The answer is ->", yes.
1192,"Q: Is the following sentence plausible? ""John Collins took a turnaround jumper in the Eastern Conference Finals.""
A: The answer is ->", yes.
1193,"Q: Is the following sentence plausible? ""Malcolm Brogdon drove into the restricted area in the Eastern Conference Finals.""
A: The answer is ->", yes.
1194,"Q: Is the following sentence plausible? ""Jordan Binnington got a base hit.""
A: The answer is ->", no.
1195,"Q: Is the following sentence plausible? ""Darcy Kuemper scored on the power play.""
A: The answer is ->", yes.
1196,"Q: Is the following sentence plausible? ""Jacob Markstrom went in studs up.""
A: The answer is ->", no.
1197,"Q: Is the following sentence plausible? ""Toni Kroos converted the first down in the AFC divisional round.""
A: The answer is ->", no.
1198,"Q: Is the following sentence plausible? ""Jamal Murray walked on ball four.""
A: The answer is ->", no.
1199,"Q: Is the following sentence plausible? ""Ben Simmons was called for the goal tend.""
A: The answer is ->", yes.
1200,"Q: Is the following sentence plausible? ""Darius Slayton ran out of bounds in the AFC championship.""
A: The answer is ->", yes.
1201,"Q: Is the following sentence plausible? ""Robert Lewandowski threw a touchdown.""
A: The answer is ->", no.
1202,"Q: Is the following sentence plausible? ""David Luiz shot with the left foot.""
A: The answer is ->", yes.
1203,"Q: Is the following sentence plausible? ""Trae Young launched a triple.""
A: The answer is ->", yes.
1204,"Q: Is the following sentence plausible? ""David Silva skated backwards.""
A: The answer is ->", no.
1205,"Q: Is the following sentence plausible? ""Nazem Kadri took a charge in the NBA Championship.""
A: The answer is ->", no.
1206,"Q: Is the following sentence plausible? ""Darius Slayton got into the endzone.""
A: The answer is ->", yes.
1207,"Q: Is the following sentence plausible? ""Pascal Siakam drove into the paint in the Western Conference Finals.""
A: The answer is ->", yes.
1208,"Q: Is the following sentence plausible? ""T.Y. Hilton drew a flag on the play.""
A: The answer is ->", yes.
1209,"Q: Is the following sentence plausible? ""Ozzie Albies pitched a complete game.""
A: The answer is ->", yes.
1210,"Q: Is the following sentence plausible? ""Jacob Markstrom scored in the shootout in the Stanley Cup.""
A: The answer is ->", yes.
1211,"Q: Is the following sentence plausible? ""Lamar Jackson scored a touchdown.""
A: The answer is ->", yes.
1212,"Q: Is the following sentence plausible? ""Terry McLaurin was called for slashing.""
A: The answer is ->", no.
1213,"Q: Is the following sentence plausible? ""Luka Modric took a left footed shot.""
A: The answer is ->", yes.
1214,"Q: Is the following sentence plausible? ""Brandin Cooks was safe at home.""
A: The answer is ->", no.
1215,"Q: Is the following sentence plausible? ""DJ Chark caught the back shoulder fade in the NFC divisional round.""
A: The answer is ->", yes.
1216,"Q: Is the following sentence plausible? ""Will Fuller earned an indirect kick.""
A: The answer is ->", no.
1217,"Q: Is the following sentence plausible? ""Justin Herbert maradona\'d the defender.""
A: The answer is ->", no.
1218,"Q: Is the following sentence plausible? ""Andrei Vasilevskiy launched a hail mary.""
A: The answer is ->", no.
1219,"Q: Is the following sentence plausible? ""Alex Pietrangelo hit the screen pass in the NFC divisional round.""
A: The answer is ->", no.
1220,"Q: Is the following sentence plausible? ""Mark Stone spent time in the penalty box in the Stanley Cup.""
A: The answer is ->", yes.
1221,"Q: Is the following sentence plausible? ""Andrei Svechnikov got on the end of a through ball.""
A: The answer is ->", no.
1222,"Q: Is the following sentence plausible? ""Kyle Tucker hit a homerun.""
A: The answer is ->", yes.
1223,"Q: Is the following sentence plausible? ""Nick Foles lost control of the puck.""
A: The answer is ->", no.
1224,"Q: Is the following sentence plausible? ""Max Scherzer scored in extra time in the World Cup.""
A: The answer is ->", no.
1225,"Q: Is the following sentence plausible? ""John Collins hit the buzzer beater in the NBA Championship.""
A: The answer is ->", yes.
1226,"Q: Is the following sentence plausible? ""Fernando Tatis Jr. earned a red card.""
A: The answer is ->", no.
1227,"Q: Is the following sentence plausible? ""Mario Gomez earned a direct kick.""
A: The answer is ->", yes.
1228,"Q: Is the following sentence plausible? ""Kyle Tucker stepped on first base.""
A: The answer is ->", yes.
1229,"Q: Is the following sentence plausible? ""Willian killed the powerplay.""
A: The answer is ->", no.
1230,"Q: Is the following sentence plausible? ""Thomas Muller got on the end of a through ball in the World Cup.""
A: The answer is ->", yes.
1231,"Q: Is the following sentence plausible? ""Jack Flaherty was out at second in the National League Championship Series.""
A: The answer is ->", yes.
1232,"Q: Is the following sentence plausible? ""Marquise Brown drew a flag on the play.""
A: The answer is ->", yes.
1233,"Q: Is the following sentence plausible? ""Jonas Valanciunas beat the buzzer.""
A: The answer is ->", yes.
1234,"Q: Is the following sentence plausible? ""Gleyber Torres scored a bicycle kick.""
A: The answer is ->", no.
1235,"Q: Is the following sentence plausible? ""Diego Forlan did a maradona on the defender.""
A: The answer is ->", yes.
1236,"Q: Is the following sentence plausible? ""Kevin Durant comitted an offensive foul.""
A: The answer is ->", yes.
1237,"Q: Is the following sentence plausible? ""Roman Josi scored a windmill dunk.""
A: The answer is ->", no.
1238,"Q: Is the following sentence plausible? ""Lionel Messi was called for icing.""
A: The answer is ->", no.
1239,"Q: Is the following sentence plausible? ""Ryan Nugent-Hopkins killed the powerplay.""
A: The answer is ->", yes.
1240,"Q: Is the following sentence plausible? ""Marcus Semien took a left footed shot.""
A: The answer is ->", no.
1241,"Q: Is the following sentence plausible? ""Daniel Jones took a left footed shot.""
A: The answer is ->", no.
1242,"Q: Is the following sentence plausible? ""Nick Castellanos grounded out to second base.""
A: The answer is ->", yes.
1243,"Q: Is the following sentence plausible? ""Frederik Andersen took a three.""
A: The answer is ->", no.
1244,"Q: Is the following sentence plausible? ""Aaron Nola hit a walkoff homer.""
A: The answer is ->", yes.
1245,"Q: Is the following sentence plausible? ""Victor Wanyama took a backhand shot.""
A: The answer is ->", no.
1246,"Q: Is the following sentence plausible? ""Zach LaVine\xc2\xa0 watched the pitch go by.""
A: The answer is ->", no.
1247,"Q: Is the following sentence plausible? ""Deandre Ayton hit the back shoulder fade in the Superbowl.""
A: The answer is ->", no.
1248,"Q: Is the following sentence plausible? ""Vincent Kompany comitted a three second violation.""
A: The answer is ->", no.
1249,"Q: Is the following sentence plausible? ""Adam Thielen gained five yards.""
A: The answer is ->", yes.
1250,"Q: Is the following sentence plausible? ""Marcell Ozuna hit into a double play.""
A: The answer is ->", yes.
1251,"Q: Is the following sentence plausible? ""Eden Hazard performed a cruyff turn.""
A: The answer is ->", yes.
1252,"Q: Is the following sentence plausible? ""Taylor Hall scored in the shootout.""
A: The answer is ->", yes.
1253,"Q: Is the following sentence plausible? ""Charlie Blackmon shot a free throw.""
A: The answer is ->", no.
1254,"Q: Is the following sentence plausible? ""Juan Soto did a double stepover.""
A: The answer is ->", no.
1255,"Q: Is the following sentence plausible? ""Gordon Hayward hit the back of the rim.""
A: The answer is ->", yes.
1256,"Q: Is the following sentence plausible? ""Kwadwo Asamoah beat the shot clock in the Eastern Conference Finals.""
A: The answer is ->", no.
1257,"Q: Is the following sentence plausible? ""Xavi took a throw in.""
A: The answer is ->", yes.
1258,"Q: Is the following sentence plausible? ""Carlos Tevez skated backwards.""
A: The answer is ->", no.
1259,"Q: Is the following sentence plausible? ""Paulinho headed back to the dugout in the National League Championship Series.""
A: The answer is ->", no.
1260,"Q: Is the following sentence plausible? ""Tom Wilson backhanded a shot.""
A: The answer is ->", yes.
1261,"Q: Is the following sentence plausible? ""Robert Woods converted the first down.""
A: The answer is ->", yes.
1262,"Q: Is the following sentence plausible? ""Delon Wright took a left footed shot.""
A: The answer is ->", no.
1263,"Q: Is the following sentence plausible? ""John Tavares earned a trip to the penalty box in the Stanley Cup.""
A: The answer is ->", yes.
1264,"Q: Is the following sentence plausible? ""Zlatan Ibrahimovic took a turnaround jumper in the Western Conference Finals.""
A: The answer is ->", no.
1265,"Q: Is the following sentence plausible? ""Frederik Andersen converted the first down.""
A: The answer is ->", no.
1266,"Q: Is the following sentence plausible? ""Gerard Pique gained five yards in the NFC championship.""
A: The answer is ->", no.
1267,"Q: Is the following sentence plausible? ""Zach Plesac gained five yards in the NFC championship.""
A: The answer is ->", no.
1268,"Q: Is the following sentence plausible? ""Nelson Cruz was out at first.""
A: The answer is ->", yes.
1269,"Q: Is the following sentence plausible? ""Corbin Burnes went for it on fourth down in the NFC divisional round.""
A: The answer is ->", no.
1270,"Q: Is the following sentence plausible? ""Mookie Betts skated behind the net.""
A: The answer is ->", no.
1271,"Q: Is the following sentence plausible? ""Andres Iniesta performed a give and go.""
A: The answer is ->", yes.
1272,"Q: Is the following sentence plausible? ""Adam Thielen changed direction in the backfield.""
A: The answer is ->", yes.
1273,"Q: Is the following sentence plausible? ""Paul Goldschmidt walked on ball four.""
A: The answer is ->", yes.
1274,"Q: Is the following sentence plausible? ""Shai Gilgeous-Alexander beat the buzzer.""
A: The answer is ->", yes.
1275,"Q: Is the following sentence plausible? ""Delon Wright converted the first down.""
A: The answer is ->", no.
1276,"Q: Is the following sentence plausible? ""Stephan El Shaarawy hit a single.""
A: The answer is ->", no.
1277,"Q: Is the following sentence plausible? ""Cavan Biggio went in studs up.""
A: The answer is ->", no.
1278,"Q: Is the following sentence plausible? ""Aaron Judge caught the back shoulder fade.""
A: The answer is ->", no.
1279,"Q: Is the following sentence plausible? ""Malcolm Brogdon eurostepped to the basket in the NBA Championship.""
A: The answer is ->", yes.
1280,"Q: Is the following sentence plausible? ""Brad Hand threw to first base.""
A: The answer is ->", yes.
1281,"Q: Is the following sentence plausible? ""Eden Hazard hit the buzzer beater.""
A: The answer is ->", no.
1282,"Q: Is the following sentence plausible? ""Mike Trout eurostepped to the basket.""
A: The answer is ->", no.
1283,"Q: Is the following sentence plausible? ""Sebastian Aho hit a single.""
A: The answer is ->", no.
1284,"Q: Is the following sentence plausible? ""Fernandinho took an elbow jumper.""
A: The answer is ->", no.
1285,"Q: Is the following sentence plausible? ""Chris Boucher committed a three second violation.""
A: The answer is ->", yes.
1286,"Q: Is the following sentence plausible? ""Frederik Andersen crossed the blue line in the Stanley Cup.""
A: The answer is ->", yes.
1287,"Q: Is the following sentence plausible? ""Mike Williams scored a bicycle kick in the FA Cup.""
A: The answer is ->", no.
1288,"Q: Is the following sentence plausible? ""Norman Powell was called for the goal tend.""
A: The answer is ->", yes.
1289,"Q: Is the following sentence plausible? ""John Collins threw a touchdown in the NFC divisional round.""
A: The answer is ->", no.
1290,"Q: Is the following sentence plausible? ""Chris Paul\xc2\xa0 struck out the side.""
A: The answer is ->", no.
1291,"Q: Is the following sentence plausible? ""Trae Young set the hard screen in the Eastern Conference Finals.""
A: The answer is ->", yes.
1292,"Q: Is the following sentence plausible? ""Khyri Thomas\xc2\xa0 was out at second.""
A: The answer is ->", no.
1293,"Q: Is the following sentence plausible? ""Charlie Blackmon pitched a complete game.""
A: The answer is ->", yes.
1294,"Q: Is the following sentence plausible? ""Bryce Harper fumbled the ball.""
A: The answer is ->", no.
1295,"Q: Is the following sentence plausible? ""Domantas Sabonis went for it on fourth down in the NFC divisional round.""
A: The answer is ->", no.
1296,"Q: Is the following sentence plausible? ""Cam Newton killed the powerplay.""
A: The answer is ->", no.
1297,"Q: Is the following sentence plausible? ""William Nylander scored in the shootout in the Stanley Cup.""
A: The answer is ->", yes.
1298,"Q: Is the following sentence plausible? ""Gleyber Torres hit a double.""
A: The answer is ->", yes.
1299,"Q: Is the following sentence plausible? ""Derek Carr performed a give and go.""
A: The answer is ->", no.
1300,"Q: Is the following sentence plausible? ""Aleksander Barkov bricked the three pointer.""
A: The answer is ->", no.
1301,"Q: Is the following sentence plausible? ""Anders Lee shot the puck.""
A: The answer is ->", yes.
1302,"Q: Is the following sentence plausible? ""Sebastian Aho scored a freekick.""
A: The answer is ->", no.
1303,"Q: Is the following sentence plausible? ""Clint Capela got into the endzone.""
A: The answer is ->", no.
1304,"Q: Is the following sentence plausible? ""Kyle Connor caught the back shoulder fade in the AFC championship.""
A: The answer is ->", no.
1305,"Q: Is the following sentence plausible? ""Mecole Hardman threw a touchdown.""
A: The answer is ->", yes.
1306,"Q: Is the following sentence plausible? ""Calvin Ridley ran out of bounds.""
A: The answer is ->", yes.
1307,"Q: Is the following sentence plausible? ""Carter Hart hit into a double play.""
A: The answer is ->", no.
1308,"Q: Is the following sentence plausible? ""James Harden shot a free throw.""
A: The answer is ->", yes.
1309,"Q: Is the following sentence plausible? ""Jordi Alba walked to first base.""
A: The answer is ->", no.
1310,"Q: Is the following sentence plausible? ""Brad Hand hit a homerun.""
A: The answer is ->", yes.
1311,"Q: Is the following sentence plausible? ""Paul Goldschmidt walked on ball four.""
A: The answer is ->", yes.
1312,"Q: Is the following sentence plausible? ""Sergio Ramos set the pick and roll.""
A: The answer is ->", no.
1313,"Q: Is the following sentence plausible? ""Matthew Tkachuk struck out.""
A: The answer is ->", no.
1314,"Q: Is the following sentence plausible? ""Edinson Cavani caught the screen pass.""
A: The answer is ->", no.
1315,"Q: Is the following sentence plausible? ""Neal Pionk took the snap.""
A: The answer is ->", no.
1316,"Q: Is the following sentence plausible? ""Julian Edelman fumbled the ball.""
A: The answer is ->", yes.
1317,"Q: Is the following sentence plausible? ""Zach LaVine\xc2\xa0 drove into the restricted area.""
A: The answer is ->", yes.
1318,"Q: Is the following sentence plausible? ""Francisco Lindor walked on ball four.""
A: The answer is ->", yes.
1319,"Q: Is the following sentence plausible? ""Javier Baez struck out in the World Series.""
A: The answer is ->", yes.
1320,"Q: Is the following sentence plausible? ""Sonny Gray committed a blocking foul.""
A: The answer is ->", no.
1321,"Q: Is the following sentence plausible? ""Javi Martinez nutmegged the defender.""
A: The answer is ->", yes.
1322,"Q: Is the following sentence plausible? ""Jordan Binnington scored in the third period.""
A: The answer is ->", yes.
1323,"Q: Is the following sentence plausible? ""Tuukka Rask crossed the blue line.""
A: The answer is ->", yes.
1324,"Q: Is the following sentence plausible? ""Tua Tagovailoa was safe at home.""
A: The answer is ->", no.
1325,"Q: Is the following sentence plausible? ""Nikola Jokic took a heat check three.""
A: The answer is ->", yes.
1326,"Q: Is the following sentence plausible? ""Julian Edelman was called for icing in the Stanley Cup.""
A: The answer is ->", no.
1327,"Q: Is the following sentence plausible? ""Kawhi Leonard scored a windmill dunk.""
A: The answer is ->", yes.
1328,"Q: Is the following sentence plausible? ""Arjen Robben earned a direct kick.""
A: The answer is ->", yes.
1329,"Q: Is the following sentence plausible? ""Jaylen Brown hit the buzzer beater in the NBA Championship.""
A: The answer is ->", yes.
1330,"Q: Is the following sentence plausible? ""Malik Beasley\xc2\xa0 drove into the restricted area.""
A: The answer is ->", yes.
1331,"Q: Is the following sentence plausible? ""Mapou Yanga-M\'Biwa hit the slant pass.""
A: The answer is ->", no.
1332,"Q: Is the following sentence plausible? ""Stephan El Shaarawy scored a corner kick.""
A: The answer is ->", yes.
1333,"Q: Is the following sentence plausible? ""Kris Bryant got a base hit.""
A: The answer is ->", yes.
1334,"Q: Is the following sentence plausible? ""Max Scherzer was safe at first.""
A: The answer is ->", yes.
1335,"Q: Is the following sentence plausible? ""Kyle Tucker hit a triple.""
A: The answer is ->", yes.
1336,"Q: Is the following sentence plausible? ""Mecole Hardman fumbled the ball.""
A: The answer is ->", yes.
1337,"Q: Is the following sentence plausible? ""Franck Ribery earned an indirect kick.""
A: The answer is ->", yes.
1338,"Q: Is the following sentence plausible? ""Mark Stone scored in the third period.""
A: The answer is ->", yes.
1339,"Q: Is the following sentence plausible? ""Aleksander Barkov passed the puck.""
A: The answer is ->", yes.
1340,"Q: Is the following sentence plausible? ""De\'Aaron Fox crossed the blue line.""
A: The answer is ->", no.
1341,"Q: Is the following sentence plausible? ""Pete Alonso hit a triple in the World Series.""
A: The answer is ->", yes.
1342,"Q: Is the following sentence plausible? ""Devin Booker shot a free throw in the NBA Championship.""
A: The answer is ->", yes.
1343,"Q: Is the following sentence plausible? ""Mike Evans scored a touchdown in the AFC divisional round.""
A: The answer is ->", yes.
1344,"Q: Is the following sentence plausible? ""Baker Mayfield hit nothing but net.""
A: The answer is ->", no.
1345,"Q: Is the following sentence plausible? ""Juan Mata got on the end of a through ball.""
A: The answer is ->", yes.
1346,"Q: Is the following sentence plausible? ""Kyle Connor scored a freekick.""
A: The answer is ->", no.
1347,"Q: Is the following sentence plausible? ""Nick Foles scored in the third period in the Stanley Cup.""
A: The answer is ->", no.
1348,"Q: Is the following sentence plausible? ""Sterling Shepard hit the back of the rim.""
A: The answer is ->", no.
1349,"Q: Is the following sentence plausible? ""Zach LaVine\xc2\xa0 did a maradona on the defender.""
A: The answer is ->", no.
1350,"Q: Is the following sentence plausible? ""Corbin Burnes scored in the shootout.""
A: The answer is ->", no.
1351,"Q: Is the following sentence plausible? ""Andrea Pirlo went five hole.""
A: The answer is ->", no.
1352,"Q: Is the following sentence plausible? ""Sergio Busquets got on base.""
A: The answer is ->", no.
1353,"Q: Is the following sentence plausible? ""Johnny Gaudreau nutmegged the defender.""
A: The answer is ->", no.
1354,"Q: Is the following sentence plausible? ""Javier Zanetti scored on the power play.""
A: The answer is ->", no.
1355,"Q: Is the following sentence plausible? ""Stephen Curry scored a reverse layup.""
A: The answer is ->", yes.
1356,"Q: Is the following sentence plausible? ""Fred VanVleet scored a freekick in the Champions League Final.""
A: The answer is ->", no.
1357,"Q: Is the following sentence plausible? ""Cale Makar scored in the third period in the Stanley Cup.""
A: The answer is ->", yes.
1358,"Q: Is the following sentence plausible? ""Eden Hazard airballed the shot.""
A: The answer is ->", no.
1359,"Q: Is the following sentence plausible? ""Kyrie Irving scored a reverse dunk.""
A: The answer is ->", yes.
1360,"Q: Is the following sentence plausible? ""Pierre-Luc Dubois skated backwards.""
A: The answer is ->", yes.
1361,"Q: Is the following sentence plausible? ""Chris Godwin was caught in a rundown in the American League Championship Series.""
A: The answer is ->", no.
1362,"Q: Is the following sentence plausible? ""Nicklas Backstrom scored on the power play.""
A: The answer is ->", yes.
1363,"Q: Is the following sentence plausible? ""Trent Grisham struck out in the National League Championship Series.""
A: The answer is ->", yes.
1364,"Q: Is the following sentence plausible? ""Jonathan Marchessault beat the buzzer in the NBA Championship.""
A: The answer is ->", no.
1365,"Q: Is the following sentence plausible? ""Kendrick Nunn took a charge.""
A: The answer is ->", yes.
1366,"Q: Is the following sentence plausible? ""John Brown went for it on fourth down in the NFC championship.""
A: The answer is ->", yes.
1367,"Q: Is the following sentence plausible? ""A.J. Green converted the double play.""
A: The answer is ->", no.
1368,"Q: Is the following sentence plausible? ""Edinson Cavani skated behind the net.""
A: The answer is ->", no.
1369,"Q: Is the following sentence plausible? ""Darijo Srna got on the end of a through ball.""
A: The answer is ->", yes.
1370,"Q: Is the following sentence plausible? ""Toni Kroos was caught offsides.""
A: The answer is ->", yes.
1371,"Q: Is the following sentence plausible? ""Brent Burns hit a double.""
A: The answer is ->", no.
1372,"Q: Is the following sentence plausible? ""Patrik Laine entered the attacking zone in the Stanley Cup.""
A: The answer is ->", yes.
1373,"Q: Is the following sentence plausible? ""Nicklas Backstrom earned a trip to the penalty box.""
A: The answer is ->", yes.
1374,"Q: Is the following sentence plausible? ""Brendan Gallagher spent time in the penalty box in the Stanley Cup.""
A: The answer is ->", yes.
1375,"Q: Is the following sentence plausible? ""Christian Yelich headed back to the dugout.""
A: The answer is ->", yes.
1376,"Q: Is the following sentence plausible? ""Chris Godwin earned an indirect kick.""
A: The answer is ->", no.
1377,"Q: Is the following sentence plausible? ""Zach Plesac was perfect from the line.""
A: The answer is ->", no.
1378,"Q: Is the following sentence plausible? ""Jack Flaherty hit a walkoff homer.""
A: The answer is ->", yes.
1379,"Q: Is the following sentence plausible? ""Vladimir Guerrero Jr. took a side-step three in the NBA Championship.""
A: The answer is ->", no.
1380,"Q: Is the following sentence plausible? ""Juan Mata scored a bicycle kick in the Champions League Final.""
A: The answer is ->", yes.
1381,"Q: Is the following sentence plausible? ""John Terry scored in added time.""
A: The answer is ->", yes.
1382,"Q: Is the following sentence plausible? ""Jimmy Garoppolo scored in the shootout in the Stanley Cup.""
A: The answer is ->", no.
1383,"Q: Is the following sentence plausible? ""Ramires scored a header goal.""
A: The answer is ->", yes.
1384,"Q: Is the following sentence plausible? ""Fred VanVleet passed the puck.""
A: The answer is ->", no.
1385,"Q: Is the following sentence plausible? ""Mathieu Valbuena was caught offsides.""
A: The answer is ->", yes.
1386,"Q: Is the following sentence plausible? ""Allen Robinson gained five yards.""
A: The answer is ->", yes.
1387,"Q: Is the following sentence plausible? ""Tyler Glasnow watched the pitch go by.""
A: The answer is ->", yes.
1388,"Q: Is the following sentence plausible? ""T.J. McConnell committed a blocking foul in the Western Conference Finals.""
A: The answer is ->", yes.
1389,"Q: Is the following sentence plausible? ""Zach LaVine\xc2\xa0 swung to protect the runner.""
A: The answer is ->", no.
1390,"Q: Is the following sentence plausible? ""Blake Snell was safe at first.""
A: The answer is ->", yes.
1391,"Q: Is the following sentence plausible? ""Matthew Stafford hit the back of the rim.""
A: The answer is ->", no.
1392,"Q: Is the following sentence plausible? ""Wesley Sneijder hit the wheel route.""
A: The answer is ->", no.
1393,"Q: Is the following sentence plausible? ""Jonas Valanciunas nutmegged the defender.""
A: The answer is ->", no.
1394,"Q: Is the following sentence plausible? ""Mika Zibanejad performed a give and go in the FA Cup.""
A: The answer is ->", no.
1395,"Q: Is the following sentence plausible? ""Evan Fournier got into the endzone.""
A: The answer is ->", no.
1396,"Q: Is the following sentence plausible? ""Jakub Vrana shot the puck.""
A: The answer is ->", yes.
1397,"Q: Is the following sentence plausible? ""Zach LaVine\xc2\xa0 shot the puck.""
A: The answer is ->", no.
1398,"Q: Is the following sentence plausible? ""Klaas Jan Huntelaar caught the back shoulder fade.""
A: The answer is ->", no.
1399,"Q: Is the following sentence plausible? ""Thomas Muller hit a triple.""
A: The answer is ->", no.
1400,"Q: Is the following sentence plausible? ""Yoan Moncada was called for icing.""
A: The answer is ->", no.
1401,"Q: Is the following sentence plausible? ""Zack Greinke pitched a complete game.""
A: The answer is ->", yes.
1402,"Q: Is the following sentence plausible? ""Brandin Cooks backhanded a shot.""
A: The answer is ->", no.
1403,"Q: Is the following sentence plausible? ""Deshaun Watson was called for icing.""
A: The answer is ->", no.
1404,"Q: Is the following sentence plausible? ""Juan Soto scored in the shootout.""
A: The answer is ->", no.
